Age,Avg Monthly GB Download,Avg Monthly Long Distance Charges,Churn Score,CLTV,Contract,Customer Status,Dependents,Device Protection Plan,Gender,Internet Service,Internet Type,Latitude,Longitude,Married,Monthly Charge,Multiple Lines,Number of Dependents,Number of Referrals,Offer,Online Backup,Online Security,Paperless Billing,Partner,Payment Method,Phone Service,Population,Premium Tech Support,Quarter,Referred a Friend,Satisfaction Score,Senior Citizen,Streaming Movies,Streaming Music,Streaming TV,Tenure in Months,Total Charges,Total Extra Data Charges,Total Long Distance Charges,Total Refunds,Total Revenue,Under 30,Unlimited Data,Churn
31,21,17.22,88,4026,1,0,0,1,1,1,0,37.311088,-121.961786,1,60.3,0,0,1,1,1,1,0,1,1,1,29914,0,0,1,2,0,0,0,0,58,3563.8,0,998.76,0.0,4562.56,0,1,1
36,8,10.23,77,5436,0,2,0,0,1,1,2,37.942551,-122.491642,1,89.25,0,0,2,1,0,1,1,1,0,1,6448,1,0,1,3,0,1,1,0,24,2210.2,0,245.52,0.0,2455.72,0,1,0
48,16,8.98,79,5413,0,0,0,1,0,1,2,37.380662,-122.086022,1,100.55,1,0,3,1,1,1,1,1,0,1,32143,0,0,1,2,0,0,0,1,63,6215.35,0,565.74,0.0,6781.09,0,0,1
62,7,30.61,87,3182,0,0,0,1,1,1,2,39.933852,-121.584371,0,76.65,0,0,0,1,0,0,1,0,0,1,11168,0,0,0,2,0,0,0,0,17,1313.55,0,520.37,0.0,1833.92,0,1,1
38,20,27.89,69,2699,0,0,0,0,1,1,2,34.17847,-118.459472,0,70.05,0,0,0,1,0,0,1,0,0,1,23646,0,0,0,2,0,0,0,0,1,70.05,0,27.89,0.0,97.94,0,1,1
39,6,14.07,95,2187,0,0,0,0,0,1,2,37.171727,-122.142961,0,85.7,1,0,0,1,0,0,1,0,0,1,10520,0,0,0,2,0,1,1,0,2,169.8,0,28.14,0.0,197.94,0,1,1
35,13,22.33,71,2039,0,0,0,0,0,1,1,34.002642,-118.287596,1,60.05,1,0,1,1,1,0,1,1,0,1,56709,1,0,1,2,0,0,0,0,26,1616.15,0,580.58,0.0,2196.73,0,1,1
63,20,27.0,36,4634,2,2,0,1,0,1,0,37.504133,-122.032347,0,64.75,0,0,0,1,1,0,1,0,2,1,42491,0,0,0,3,0,1,1,0,55,3617.1,0,1485.0,0.0,5102.1,0,1,0
47,26,4.34,35,2709,1,2,0,0,1,1,2,37.902968,-119.667544,0,104.85,1,0,0,2,1,1,1,0,0,1,3680,0,0,0,4,0,1,1,1,38,3887.25,0,164.92,0.0,4052.17,0,1,0
33,20,43.14,46,6183,0,2,0,1,0,1,2,36.525703,-120.952122,0,103.1,1,0,0,0,1,1,1,0,0,1,813,1,0,0,3,0,1,1,0,66,6595.0,0,2847.24,0.0,9442.24,0,1,0
50,12,13.69,41,2886,1,2,0,0,1,1,2,38.672638,-121.147403,0,91.25,0,0,0,2,1,0,1,0,0,1,51855,1,0,0,5,0,0,0,1,28,2483.65,0,383.32,0.0,2866.97,0,1,0
47,6,44.45,61,5870,1,2,0,0,1,1,1,39.904002,-121.527823,1,70.5,0,0,7,1,1,1,0,1,1,1,28,1,0,1,4,0,1,1,0,32,2201.75,0,1422.4,0.0,3624.15,0,1,0
43,12,31.31,29,4770,1,2,0,1,1,1,2,33.475493,-117.219551,0,91.25,0,0,0,1,0,1,0,0,0,1,3070,0,0,0,3,0,0,0,1,52,4738.3,0,1628.12,0.0,6366.42,0,1,0
42,21,8.29,46,4080,0,2,0,1,0,1,1,38.688764,-121.457596,0,62.8,0,0,0,1,0,0,0,0,0,1,14010,1,0,0,4,0,1,1,0,7,418.3,0,58.03,0.0,476.33,0,1,0
32,13,2.45,20,4543,1,2,0,1,0,1,2,33.012751,-117.200617,0,103.7,0,0,0,1,0,1,1,0,0,1,7615,1,0,0,4,0,1,1,1,47,4730.6,0,115.15,0.0,4845.75,0,1,0
62,29,44.96,27,3443,0,2,0,1,0,1,2,36.732694,-119.783786,0,80.05,1,0,0,3,0,0,0,0,0,1,6848,0,0,0,5,0,0,0,0,17,1345.65,0,764.32,0.0,2109.97,0,1,0
47,30,27.75,28,5649,2,2,0,1,1,1,2,35.930782,-121.189757,0,105.1,1,0,0,1,1,0,0,0,1,1,254,0,0,0,3,0,1,1,1,65,6631.85,0,1803.75,0.0,8435.6,0,1,0
48,23,26.3,59,6483,2,2,0,1,1,1,1,40.166028,-123.584144,0,77.8,1,0,0,1,0,0,1,0,0,1,261,0,0,0,5,0,1,1,1,55,4323.35,0,1446.5,0.0,5769.85,0,1,0
63,14,1.55,94,5795,0,0,0,0,0,1,2,32.85723,-117.209774,0,73.95,0,0,0,2,1,0,1,0,1,1,34902,0,0,0,3,0,0,0,0,34,2524.45,0,52.7,0.0,2577.15,0,1,1
49,21,41.4,54,4029,2,2,0,0,0,1,0,38.183918,-120.898817,1,59.85,0,0,7,1,1,1,0,1,0,1,27,1,0,1,3,0,0,0,0,60,3483.45,0,2484.0,0.0,5967.45,0,1,0
55,18,4.32,64,5444,2,2,0,1,1,1,2,38.888351,-123.239647,1,110.6,1,0,7,1,1,0,1,1,1,1,335,1,0,1,3,0,1,1,1,72,7962.2,0,311.04,0.0,8273.24,0,1,0
64,13,22.41,22,4022,1,2,0,1,1,1,2,33.655421,-117.391751,0,116.25,1,0,0,2,1,1,0,0,1,1,38519,1,0,0,3,0,1,1,1,34,3899.05,0,761.94,0.0,4660.99,0,1,0
32,18,42.55,89,4741,0,0,0,0,0,1,2,33.794209,-118.317354,0,78.1,0,0,0,3,0,0,0,0,0,1,21065,0,0,0,3,0,1,1,0,12,947.3,0,510.6,0.0,1457.9,0,1,1
43,25,6.68,59,4135,1,2,0,1,0,1,2,36.977025,-121.952864,1,110.5,0,0,1,1,1,1,0,1,0,1,9673,1,0,1,3,0,1,1,1,53,5835.5,0,354.04,0.0,6189.54,0,1,0
33,12,3.47,55,3459,2,2,0,1,0,1,1,37.394536,-120.890747,0,74.45,0,0,0,1,0,0,0,0,1,1,7177,1,0,0,3,0,1,1,1,47,3510.3,0,163.09,0.0,3673.39,0,1,0
36,17,13.14,33,4273,2,2,0,1,1,1,2,34.758699,-120.275839,0,109.2,0,0,0,1,1,1,0,0,1,1,1328,1,0,0,4,0,1,1,1,63,7049.75,0,827.82,0.0,7877.57,0,1,0
46,14,10.23,37,6034,2,2,0,0,0,1,0,36.696759,-119.024051,1,59.8,0,0,7,1,0,0,1,1,1,1,571,1,0,1,5,0,0,0,1,65,3808.2,0,664.95,0.0,4473.15,0,1,0
40,8,36.47,46,2994,1,2,0,0,0,1,1,33.798266,-118.300237,0,56.3,1,0,0,1,1,0,1,0,1,1,24660,0,0,0,5,0,0,0,0,41,2364.0,0,1495.27,0.0,3859.27,0,1,0
48,13,28.8,89,5897,0,0,0,0,1,1,0,32.825086,-117.199424,0,74.95,1,0,0,1,0,0,1,0,0,1,51213,0,0,0,3,0,0,0,0,23,1710.45,0,662.4,0.0,2372.85,0,1,1
50,5,41.38,68,3167,0,1,0,0,0,1,1,38.392686,-120.415951,0,54.2,0,0,0,1,0,0,1,0,0,1,435,0,0,0,4,0,0,0,1,3,140.4,0,124.14,0.0,264.54,0,1,0
63,17,25.17,37,4989,0,2,0,0,0,1,2,34.070291,-118.349191,0,75.35,1,0,0,1,0,0,1,0,0,1,32901,0,0,0,3,0,0,0,0,7,564.65,0,176.19,0.0,740.84,0,1,0
50,17,46.5,26,4093,0,2,0,0,1,1,2,40.021787,-122.127576,0,93.2,0,0,0,1,1,0,1,0,1,1,405,0,0,0,4,0,1,1,1,22,2157.3,0,1023.0,0.0,3180.3,0,1,0
44,25,38.02,59,5176,0,2,0,0,0,1,2,37.721052,-122.413573,0,75.1,0,0,0,1,1,0,0,0,0,1,40137,0,0,0,5,0,0,0,0,16,1212.85,0,608.32,0.0,1821.17,0,1,0
50,17,14.35,25,2650,0,1,0,0,0,1,2,37.388349,-122.075299,0,76.1,1,0,0,1,0,0,0,0,0,1,13483,0,0,0,4,0,0,0,0,3,257.6,0,43.05,0.0,300.65,0,1,0
44,3,10.13,79,4120,1,2,0,1,1,1,2,41.737962,-123.07557,1,94.65,1,0,1,1,1,0,1,1,0,1,88,0,0,1,4,0,0,0,1,46,4312.5,0,465.98,0.0,4778.48,0,1,0
40,20,38.32,65,5877,0,2,0,0,0,1,1,34.983808,-117.239306,0,50.3,1,0,0,1,0,0,1,0,0,1,1933,0,0,0,3,0,0,0,0,18,913.3,0,689.76,0.0,1603.06,0,1,0
64,9,13.64,70,5148,0,0,0,0,0,1,2,32.825086,-117.199424,1,90.9,1,0,1,3,1,0,1,1,0,1,51213,0,0,1,2,0,1,1,0,14,1259.0,0,190.96,0.0,1449.96,0,1,1
33,9,47.89,61,3981,0,2,0,0,1,1,2,37.311088,-121.961786,1,98.85,1,0,3,1,1,0,1,1,1,1,29914,0,0,1,4,0,1,1,1,32,3145.9,0,1532.48,0.0,4678.38,0,1,0
57,11,11.32,69,4131,1,2,0,0,0,1,1,33.571259,-117.731917,0,59.9,0,0,0,2,1,1,1,0,0,1,41237,1,0,0,3,0,0,0,0,28,1654.7,0,316.96,0.0,1971.66,0,1,0
50,18,44.76,56,2667,1,2,0,0,1,1,1,40.497283,-123.93037,0,70.95,1,0,0,1,0,1,1,0,0,1,1072,1,0,0,3,0,1,1,0,48,3629.2,0,2148.48,0.0,5777.68,0,1,0
37,21,39.85,52,4525,0,2,0,0,0,1,2,38.432145,-120.77069,0,75.75,1,0,0,1,0,0,1,0,2,1,4610,0,0,0,5,0,0,0,0,10,777.3,0,398.5,0.0,1175.8,0,1,0
51,4,44.31,78,5213,2,2,0,1,0,1,2,36.220761,-120.980777,0,115.1,1,0,0,1,1,1,1,0,0,1,14477,1,0,0,3,0,1,1,1,64,7334.05,0,2835.84,0.0,10169.89,0,1,0
30,59,9.37,40,6107,0,2,0,1,0,1,1,33.760458,-118.129725,0,59.45,0,0,0,1,0,0,1,0,0,1,31352,0,0,0,3,0,1,1,0,52,3043.7,0,487.24,0.0,3530.94,0,1,0
46,14,46.21,83,3818,1,0,0,1,1,1,0,34.145695,-117.95982,0,62.3,0,0,0,1,0,0,1,0,1,1,27414,1,0,0,3,0,1,1,0,38,2354.8,0,1755.98,0.0,4110.78,0,1,1
58,21,17.9,73,4296,2,2,0,1,0,1,2,34.238162,-117.534306,0,118.65,1,0,0,0,1,1,1,0,0,1,1090,1,0,0,3,0,1,1,1,71,8477.6,0,1270.9,0.0,9748.5,0,1,0
43,24,8.69,62,3271,0,2,0,0,1,1,2,33.873395,-118.37019,0,73.15,1,0,0,2,0,0,1,0,1,1,37322,0,0,0,5,0,0,0,0,39,2730.85,0,338.91,0.0,3069.76,0,1,0
43,20,36.55,69,4454,2,2,0,1,1,1,2,36.175255,-119.813805,1,96.6,1,0,5,1,1,1,0,1,1,1,1729,1,0,1,3,0,0,0,0,66,6424.25,0,2412.3,0.0,8836.55,0,1,0
58,19,1.1,61,3334,0,2,0,0,0,1,0,34.159534,-116.425984,0,64.4,1,0,0,1,0,0,1,0,1,1,20486,1,0,0,4,0,0,0,1,4,253.0,0,4.4,0.0,257.4,0,1,0
60,26,42.04,92,2761,1,0,0,0,0,1,0,33.976753,-117.897367,1,54.15,0,0,1,1,1,0,1,1,1,1,46342,1,0,1,2,0,0,0,0,45,2319.8,0,1891.8,0.0,4211.6,0,1,1
45,9,27.69,76,4220,0,2,0,0,0,1,2,38.311609,-121.554034,0,73.85,1,0,0,1,0,0,1,0,1,1,699,0,0,0,4,0,0,0,0,6,401.3,0,166.14,0.0,567.44,0,1,0
38,16,5.62,91,4769,0,0,0,1,1,1,2,33.362575,-117.299644,0,80.0,1,0,0,1,0,0,0,0,1,1,42239,0,0,0,3,0,0,0,0,51,4242.35,0,286.62,0.0,4528.97,0,1,1
37,26,46.33,50,4614,1,2,0,1,1,1,2,38.733714,-120.795213,0,98.9,0,0,0,3,0,1,1,0,0,1,34146,0,0,0,3,0,1,1,1,10,1064.95,0,463.3,0.0,1528.25,0,1,0
48,6,11.09,89,4464,0,0,0,0,0,1,2,32.787836,-117.232376,0,94.55,1,0,0,1,0,0,1,0,2,1,46086,0,0,0,2,0,1,1,1,27,2724.6,0,299.43,0.0,3024.03,0,1,1
49,30,37.51,23,5379,0,2,0,0,0,1,2,38.788898,-121.608624,0,69.05,0,0,0,1,0,0,1,0,1,1,751,0,0,0,3,0,0,0,0,26,1815.65,0,975.26,0.0,2790.91,0,1,0
51,12,6.16,29,4176,1,2,0,1,0,1,1,38.235021,-122.557332,0,80.55,1,0,0,1,1,0,1,0,0,1,35419,0,0,0,3,0,1,1,1,41,3263.9,0,252.56,0.0,3516.46,0,1,0
47,4,41.38,32,4226,1,2,0,0,0,1,1,38.683605,-120.811852,0,71.0,1,0,0,1,0,0,1,0,1,1,4426,0,0,0,5,0,1,1,1,29,2080.1,0,1200.02,0.0,3280.12,0,1,0
39,30,6.05,54,6212,2,2,0,1,1,1,0,34.2112,-118.230625,1,89.05,1,0,7,0,1,1,1,1,0,1,7527,1,0,1,4,0,1,1,1,72,6254.45,0,435.6,0.0,6690.05,0,1,0
37,8,16.64,29,5029,1,2,0,1,1,1,2,36.636638,-119.421842,0,103.1,1,0,0,1,1,0,1,0,0,1,25923,0,0,0,4,0,1,1,1,47,4889.3,0,782.08,0.0,5671.38,0,1,0
41,16,36.44,75,5554,0,0,0,0,1,1,2,34.432843,-118.730106,1,74.5,1,0,0,1,0,0,1,1,0,1,1459,0,0,0,3,0,0,0,0,1,74.5,0,36.44,0.0,110.94,0,1,1
54,6,40.17,66,3997,0,0,0,1,0,1,2,34.050322,-118.147037,0,84.8,1,0,0,1,1,0,1,0,0,1,33280,0,0,0,2,0,0,0,0,44,3862.55,0,1767.48,0.0,5630.03,0,1,1
47,21,22.42,48,5722,0,2,0,0,1,1,2,37.897753,-122.279391,1,90.55,1,0,4,2,1,1,1,1,1,1,11889,1,0,1,4,0,0,0,0,31,2929.75,0,695.02,0.0,3624.77,0,1,0
48,8,8.4,80,2935,1,2,0,0,0,1,1,35.735694,-118.738483,0,62.55,0,0,0,1,1,1,1,0,1,1,296,1,0,0,3,0,0,0,0,45,2796.45,0,378.0,0.0,3174.45,0,1,0
52,28,17.01,70,2813,0,1,0,0,0,1,2,39.225634,-121.156163,0,95.4,0,0,0,1,1,0,0,0,0,1,1601,0,0,0,3,0,1,1,1,3,293.15,0,51.03,0.0,344.18,0,1,0
42,8,32.16,72,5387,0,2,0,1,0,1,1,34.201108,-116.593456,0,54.55,0,0,0,1,0,1,0,0,1,1,354,0,0,0,3,0,0,0,0,42,2455.05,0,1350.72,0.0,3805.77,0,1,0
50,14,2.7,23,3270,0,1,0,0,0,1,2,33.879983,-117.895482,0,95.85,0,0,0,1,0,0,1,0,0,1,34592,1,0,0,4,0,1,1,1,1,95.85,0,2.7,0.0,98.55,0,1,0
32,9,44.77,73,3430,0,1,0,0,0,1,2,38.809804,-122.241383,0,70.35,0,0,0,1,0,0,0,0,0,1,382,0,0,0,5,0,0,0,0,2,139.25,0,89.54,0.0,228.79,0,1,0
55,15,11.58,74,5518,0,0,0,0,1,1,2,32.825086,-117.199424,0,75.45,1,0,0,1,0,0,1,0,0,1,51213,0,0,0,3,0,0,0,0,1,75.45,0,11.58,0.0,87.03,0,1,1
60,18,16.8,38,5687,0,2,0,1,1,1,0,33.611945,-117.665867,0,64.65,0,0,0,1,0,0,1,0,0,1,46371,1,0,0,3,0,0,0,1,59,3735.45,0,991.2,0.0,4726.65,0,1,0
42,5,13.59,56,5136,2,2,0,1,1,1,1,33.92128,-118.274186,1,92.3,1,0,5,0,1,1,0,1,1,1,24511,1,0,1,4,0,1,1,1,72,6719.9,0,978.48,0.0,7698.38,0,0,0
33,19,12.92,67,5731,2,2,0,1,0,1,2,37.527497,-122.230941,0,105.55,1,0,0,1,1,0,0,0,0,1,10658,0,0,0,5,0,1,1,1,53,5682.25,0,684.76,0.0,6367.01,0,1,0
44,27,35.54,94,3207,0,0,0,0,0,1,2,33.907361,-117.109972,0,74.25,1,0,0,1,0,0,1,0,0,1,12743,0,0,0,3,0,0,0,0,3,210.3,0,106.62,0.0,316.92,0,1,1
38,10,6.45,92,5785,2,0,0,1,0,1,2,32.886925,-117.152162,1,107.95,1,0,1,1,1,0,1,1,0,1,74232,1,0,1,2,0,1,1,1,49,5293.2,0,316.05,0.0,5609.25,0,1,1
45,15,17.03,75,2478,1,2,0,1,0,1,1,38.123544,-121.159078,1,69.55,1,0,3,1,0,0,1,1,1,1,45755,1,0,1,4,0,1,1,0,48,3435.6,0,817.44,0.0,4253.04,0,1,0
48,5,26.86,53,2032,0,1,0,0,0,1,2,34.089927,-118.095645,0,80.5,0,0,0,1,0,0,1,0,0,1,38041,0,0,0,5,0,0,0,1,3,232.35,0,80.58,0.0,312.93,0,0,0
58,16,32.81,34,3319,0,2,0,0,1,1,2,35.746484,-121.223355,0,74.65,0,0,0,1,1,0,1,0,0,1,471,0,0,0,3,0,0,0,0,5,383.65,0,164.05,0.0,547.7,0,1,0
57,7,20.79,26,6100,1,2,0,1,0,1,2,33.521447,-117.602555,1,104.4,1,0,7,1,0,1,1,1,2,1,34321,0,0,1,3,0,1,1,1,50,5232.9,0,1039.5,0.0,6272.4,0,1,0
64,24,41.34,64,4628,1,2,0,1,1,1,0,38.377165,-123.037957,1,81.4,1,0,6,1,1,1,1,1,1,1,1785,1,0,1,4,0,1,1,0,52,4354.45,0,2149.68,0.0,6504.13,0,1,0
50,10,37.6,54,5168,0,2,0,0,0,1,2,37.5923,-120.853288,1,79.3,1,0,5,1,1,0,0,1,0,1,6822,0,0,1,3,0,0,0,0,26,2015.8,0,977.6,0.0,2993.4,0,1,0
30,51,7.41,25,4870,1,2,0,1,0,1,1,33.828289,-117.201666,0,60.25,0,0,0,1,0,1,1,0,0,1,26357,1,0,0,4,0,0,0,0,21,1258.35,0,155.61,0.0,1413.96,0,1,0
60,16,39.83,53,5722,0,2,0,1,0,1,0,36.527243,-118.594938,1,54.7,0,0,1,3,1,0,1,1,1,1,56,0,0,1,3,0,0,0,0,22,1178.75,0,876.26,0.0,2055.01,0,1,0
43,10,42.34,48,4131,0,1,0,0,0,1,1,33.830453,-118.384565,0,45.15,0,0,0,1,0,0,0,0,1,1,34191,0,0,0,3,0,0,0,0,1,45.15,0,42.34,0.0,87.49,0,1,0
40,3,6.6,26,5590,0,2,0,1,1,1,0,37.316807,-120.855753,0,55.7,1,0,0,1,0,0,1,0,0,1,1960,0,0,0,4,0,0,0,0,41,2237.55,0,270.6,0.0,2508.15,0,1,0
46,18,18.26,47,6280,2,2,0,0,1,1,1,33.606336,-117.893042,1,76.95,1,0,1,0,0,1,1,1,1,1,3124,1,0,1,3,0,1,1,1,70,5289.8,0,1278.2,0.0,6568.0,0,1,0
44,12,25.19,92,2406,0,0,0,1,1,1,2,35.523991,-118.400432,0,106.7,1,0,0,1,1,0,1,0,0,1,1954,0,0,0,2,0,1,1,1,12,1253.9,0,302.28,0.0,1556.18,0,1,1
45,9,40.33,56,4778,1,2,0,1,1,1,2,37.40122,-120.514191,1,93.15,1,0,1,1,1,1,1,1,0,1,23100,0,0,1,3,0,0,0,0,56,5253.95,0,2258.48,0.0,7512.43,0,1,0
36,16,14.18,55,6092,1,2,0,0,1,1,1,34.078821,-118.177576,1,53.65,0,0,7,0,1,1,1,1,1,1,46960,0,0,1,3,0,0,0,0,69,3804.4,0,978.42,0.0,4782.82,0,1,0
47,14,22.71,78,5709,0,2,0,0,0,1,2,38.550722,-121.457314,0,79.8,1,0,0,1,0,1,1,0,0,1,14966,0,0,0,4,0,0,0,0,58,4526.85,0,1317.18,0.0,5844.03,0,1,0
57,23,49.0,41,5527,1,2,0,1,1,1,2,32.808814,-117.134694,0,95.7,0,0,0,3,0,0,0,0,0,1,25232,0,0,0,5,0,1,1,1,12,1184.0,0,588.0,0.0,1772.0,0,1,0
56,30,38.33,77,5974,1,2,0,0,1,1,0,34.015481,-118.493231,0,74.3,0,0,0,1,1,1,1,0,1,1,5221,0,0,0,4,0,1,1,1,62,4698.05,0,2376.46,0.0,7074.51,0,1,0
55,3,33.18,70,3924,1,2,0,1,0,1,2,34.063947,-118.383001,0,94.15,1,0,0,1,1,0,1,0,0,1,8321,0,0,0,5,0,1,1,0,46,4408.45,0,1526.28,0.0,5934.73,0,1,0
34,5,30.06,78,2070,0,2,0,0,1,1,2,37.750778,-121.13238,0,73.75,0,0,0,1,0,1,1,0,1,1,12646,0,0,0,3,0,0,0,0,13,956.65,0,390.78,0.0,1347.43,0,1,0
62,5,33.84,70,2951,0,2,0,0,0,1,2,37.671806,-121.007575,0,80.6,0,0,0,1,0,0,1,0,0,1,52872,0,0,0,5,0,1,1,0,28,2244.95,0,947.52,0.0,3192.47,0,1,0
44,17,10.49,72,2744,0,0,0,1,0,1,2,33.748478,-117.858918,0,100.25,1,0,0,2,0,0,1,0,0,1,58157,0,0,0,3,0,1,1,1,35,3527.6,0,367.15,0.0,3894.75,0,1,1
42,21,42.83,65,2813,0,0,0,0,0,1,2,37.316807,-120.855753,0,79.75,1,0,0,3,1,0,1,0,0,1,1960,0,0,0,3,0,0,0,0,15,1111.85,0,642.45,0.0,1754.3,0,1,1
64,16,18.79,66,5545,0,0,0,0,1,1,2,32.807867,-117.060993,0,101.75,1,0,0,1,1,0,1,0,0,1,25569,0,0,0,2,0,1,1,1,42,4273.45,0,789.18,0.0,5062.63,0,1,1
33,22,23.74,32,5507,1,2,0,0,1,1,1,37.553469,-120.952825,1,70.75,1,0,0,1,1,0,0,1,1,1,32881,1,0,0,5,0,0,0,1,40,2921.75,0,949.6,0.0,3871.35,0,1,0
48,28,18.2,61,4846,2,2,0,1,0,1,1,37.639215,-122.037554,0,77.35,0,0,0,0,1,1,0,0,1,1,72993,1,0,0,3,0,0,0,1,71,5550.1,0,1292.2,0.0,6842.3,0,1,0
60,29,10.95,32,3734,0,2,0,1,0,1,2,33.833699,-118.314387,0,89.2,1,0,0,3,0,0,1,0,0,1,40705,0,0,0,4,0,0,0,1,11,990.3,0,120.45,0.0,1110.75,0,1,0
55,27,20.02,69,3795,1,2,0,0,0,1,2,34.281911,-118.556218,1,101.9,0,0,0,2,0,1,1,1,1,1,28067,1,0,0,3,0,1,1,1,27,2681.15,0,540.54,0.0,3221.69,0,1,0
45,21,1.07,39,5679,2,2,0,0,1,1,2,38.554383,-122.474773,1,84.6,0,0,3,0,1,1,0,1,0,1,223,1,0,1,3,0,0,0,0,70,5706.2,0,74.9,0.0,5781.1,0,1,0
42,9,48.09,59,4935,1,2,0,0,0,1,1,34.630356,-120.032564,1,51.45,0,0,7,1,0,0,1,1,1,1,5710,1,0,1,3,0,0,0,0,33,1758.9,0,1586.97,0.0,3345.87,0,1,0
33,8,44.87,38,4771,1,2,0,1,0,1,0,39.672813,-120.456699,0,76.35,0,0,0,1,1,1,1,0,1,1,322,1,0,0,5,0,0,0,1,36,2606.35,0,1615.32,0.0,4221.67,0,1,0
40,29,27.66,74,6298,0,2,0,0,1,1,2,41.465121,-122.380947,1,106.2,1,0,6,1,1,1,1,1,0,1,5896,0,0,1,4,0,1,1,1,61,6375.2,0,1687.26,0.0,8062.46,0,1,0
51,2,9.95,77,4986,1,2,0,0,1,1,2,38.157794,-121.520223,0,100.3,0,0,0,1,1,1,1,0,1,1,1472,0,0,0,5,0,1,1,1,64,6603.8,0,636.8,0.0,7240.6,0,1,0
32,16,12.19,42,5106,0,2,0,0,0,1,2,33.3249,-114.758334,1,99.65,1,0,0,1,0,1,1,1,0,1,291,0,0,0,4,0,1,1,1,57,5497.05,0,694.83,0.0,6191.88,0,1,0
39,12,49.69,33,4800,0,2,0,1,0,1,2,40.923558,-122.059933,0,107.55,1,0,0,1,1,0,0,0,0,1,459,0,0,0,3,0,1,1,1,33,3645.5,0,1639.77,0.0,5285.27,0,1,0
40,25,44.94,66,3634,0,0,0,0,1,1,2,33.600987,-117.862734,0,73.85,0,0,0,1,0,0,1,0,0,1,13422,1,0,0,2,0,0,0,0,11,926.25,0,494.34,0.0,1420.59,0,1,1
56,2,10.5,36,3050,0,2,0,0,0,1,2,37.257772,-122.051824,1,94.65,0,0,3,3,1,0,1,1,0,1,30589,0,0,1,5,0,1,1,1,16,1461.15,0,168.0,0.0,1629.15,0,1,0
53,12,29.66,95,5335,0,0,0,0,0,1,2,33.713891,-116.237257,0,95.65,1,0,0,1,0,0,0,0,0,1,56307,0,0,0,3,0,1,1,1,8,778.1,0,237.28,0.0,1015.38,0,1,1
35,16,24.35,58,6468,1,2,0,0,1,1,2,38.691607,-121.602284,0,92.3,1,0,0,1,1,1,1,0,0,1,264,0,0,0,4,0,1,1,0,62,5731.45,0,1509.7,0.0,7241.15,0,1,0
40,2,37.46,25,4703,1,2,0,0,1,1,1,35.316263,-119.402559,1,66.15,1,0,3,1,0,1,1,1,1,1,236,0,0,1,3,0,0,0,1,64,4392.5,0,2397.44,0.0,6789.94,0,1,0
37,23,28.84,91,5647,0,0,0,0,1,1,2,41.932207,-120.135941,0,68.25,0,0,0,1,0,0,0,0,0,1,231,0,0,0,2,0,0,0,0,33,2171.15,0,951.72,0.0,3122.87,0,1,1
58,6,21.11,30,4990,0,2,0,0,1,1,2,38.25485,-122.461799,0,75.6,0,0,0,1,0,1,0,0,0,1,34314,0,0,0,3,0,0,0,0,9,661.55,0,189.99,0.0,851.54,0,1,0
64,5,19.72,41,2031,1,2,0,0,0,1,2,34.024405,-117.898722,0,76.0,1,0,0,3,0,0,1,0,1,1,31622,0,0,0,4,0,0,0,0,22,1783.6,0,433.84,0.0,2217.44,0,1,0
40,16,36.81,94,3529,0,0,0,0,0,1,2,34.074736,-118.145959,0,86.25,0,0,0,1,1,1,1,0,0,1,30635,1,0,0,2,0,0,0,0,2,181.65,0,73.62,0.0,255.27,0,1,1
32,22,15.03,55,6284,2,2,0,1,1,1,0,34.187599,-118.387125,0,75.1,0,0,0,0,1,1,1,0,0,1,45358,1,0,0,3,0,0,0,1,72,5336.35,0,1082.16,0.0,6418.51,0,1,0
58,21,29.24,85,4146,1,0,0,1,1,1,2,33.603282,-117.821841,1,111.3,1,0,0,0,1,1,1,1,0,1,5597,0,0,0,3,0,1,1,1,67,7482.1,0,1959.08,0.0,9441.18,0,1,1
48,3,34.75,62,2062,0,2,0,0,1,1,2,34.286131,-118.435969,0,76.25,1,0,0,1,0,0,1,0,0,1,33389,0,0,0,5,0,0,0,0,9,684.85,0,312.75,0.0,997.6,0,1,0
41,30,23.95,93,3365,1,0,0,0,0,1,2,34.223244,-119.18012,1,82.05,1,0,1,1,0,0,1,1,2,1,79736,0,0,1,2,0,1,1,0,48,4029.95,0,1149.6,0.0,5179.55,0,1,1
41,8,40.34,45,4039,1,2,0,1,0,1,2,38.184583,-119.286558,0,90.05,0,0,0,1,0,0,1,0,1,1,826,1,0,0,3,0,0,0,1,63,5817.0,0,2541.42,0.0,8358.42,0,1,0
31,24,37.99,31,5680,0,2,0,0,1,1,2,33.977468,-118.445475,0,105.35,1,0,0,1,0,1,1,0,1,1,18058,1,0,0,3,0,1,1,1,56,5794.45,0,2127.44,0.0,7921.89,0,1,0
40,11,48.63,22,2989,0,2,0,0,0,1,0,39.194539,-120.988066,0,54.4,1,0,0,1,0,1,0,0,0,1,23990,0,0,0,3,0,0,0,0,23,1249.25,0,1118.49,0.0,2367.74,0,1,0
58,8,34.18,24,5183,0,2,0,0,1,1,2,40.740138,-122.587476,0,80.55,1,0,0,1,1,0,1,0,1,1,373,0,0,0,4,0,0,0,0,16,1248.9,0,546.88,0.0,1795.78,0,1,0
62,27,15.59,74,3122,0,1,0,0,0,1,0,36.52588,-121.396719,0,44.6,0,0,0,1,0,0,0,0,0,1,9023,0,0,0,4,0,0,0,0,3,122.7,0,46.77,0.0,169.47,0,1,0
34,23,31.68,62,5584,0,2,0,0,0,1,0,37.974498,-121.319568,0,48.85,0,0,0,1,1,0,0,0,0,1,30476,0,0,0,5,0,0,0,0,15,736.8,0,475.2,0.0,1212.0,0,1,0
52,15,37.8,72,5615,0,0,0,1,1,1,2,38.336216,-120.76901,1,94.7,0,0,7,1,0,0,1,1,1,1,6202,0,0,1,2,0,1,1,1,22,1914.9,0,831.6,0.0,2746.5,0,1,1
50,24,2.52,91,4254,1,0,0,1,1,1,2,38.375325,-121.507935,0,104.05,0,0,0,1,1,0,1,0,0,1,213,1,0,0,3,0,1,1,1,69,7262.0,0,173.88,0.0,7435.88,0,1,1
62,11,39.72,26,4775,1,2,0,0,0,1,1,41.10831,-121.360362,1,65.2,1,0,1,1,0,1,0,1,0,1,1554,0,0,1,3,0,0,0,1,56,3512.15,0,2224.32,0.0,5736.47,0,1,0
34,21,43.26,90,3074,0,0,0,1,0,1,2,34.659579,-118.584212,0,94.85,1,0,0,1,1,0,1,0,0,1,2771,0,0,0,3,0,1,1,0,10,953.45,0,432.6,0.0,1386.05,0,1,1
37,13,18.31,91,5958,1,0,0,0,0,1,2,38.067204,-122.524004,1,90.1,0,0,1,1,0,0,1,1,0,1,13361,0,0,1,3,0,1,1,1,28,2598.95,0,512.68,0.0,3111.63,0,1,1
62,7,1.72,28,5197,2,2,0,1,0,1,0,35.607875,-118.466318,1,93.25,1,0,2,0,1,1,1,1,0,1,5564,1,0,1,3,0,1,1,1,72,6688.95,0,123.84,0.0,6812.79,0,1,0
55,23,5.0,49,3206,1,2,0,1,0,1,0,33.765893,-117.881533,0,64.9,0,0,0,1,0,0,0,0,1,1,37879,1,0,0,3,0,1,1,0,11,697.25,0,55.0,0.0,752.25,0,1,0
48,26,12.02,76,5993,2,2,0,1,1,1,0,40.345949,-120.081187,1,87.1,1,0,5,1,1,1,1,1,0,1,162,1,0,1,3,0,1,1,1,72,6230.1,0,865.44,0.0,7095.54,0,1,0
41,29,12.96,43,2253,0,2,0,1,0,1,1,32.741499,-117.127409,0,54.25,0,0,0,3,0,0,0,0,0,1,47689,1,0,0,4,0,0,0,0,10,583.0,0,129.6,0.0,712.6,0,1,0
50,12,31.22,37,5624,0,2,0,0,0,1,1,33.17494,-117.242761,0,45.05,0,0,0,1,0,0,1,0,0,1,62036,0,0,0,4,0,0,0,0,12,523.1,0,374.64,0.0,897.74,0,1,0
42,3,2.5,55,4212,0,2,0,0,0,1,2,33.638645,-116.55783,0,105.45,1,0,0,1,1,0,1,0,0,1,1500,1,0,0,3,0,1,1,1,56,5916.95,0,140.0,0.0,6056.95,0,1,0
51,19,46.7,57,5121,1,2,0,1,0,1,2,33.744119,-118.31448,0,107.75,1,0,0,1,1,1,1,0,0,1,21279,0,0,0,3,0,1,1,1,58,6332.75,0,2708.6,0.0,9041.35,0,1,0
30,59,46.88,87,3520,0,0,0,0,1,1,2,32.825086,-117.199424,0,75.9,1,0,0,1,0,0,1,0,0,1,51213,0,0,0,2,0,0,0,0,5,357.75,0,234.4,0.0,592.15,0,1,1
52,25,47.59,27,4759,1,2,0,1,0,1,1,33.679659,-118.016195,1,61.95,1,0,6,1,0,0,1,1,2,1,42663,1,0,1,5,0,0,0,0,17,1070.7,0,809.03,0.0,1879.73,0,1,0
42,9,6.19,47,6124,2,2,0,1,1,1,2,33.680302,-117.833296,1,116.25,1,0,4,1,1,1,1,1,0,1,22499,1,0,1,3,0,1,1,1,71,8564.75,0,439.49,0.0,9004.24,0,1,0
58,5,13.03,48,4975,2,2,0,0,0,1,1,36.04533,-119.532424,0,55.5,0,0,0,1,1,1,0,0,1,1,23506,0,0,0,4,0,0,0,0,48,2627.35,0,625.44,0.0,3252.79,0,1,0
37,13,24.63,96,3579,0,0,0,0,0,1,2,35.214982,-118.59049,0,85.9,0,0,0,1,1,0,1,0,0,1,1436,0,0,0,3,0,1,1,0,15,1269.55,0,369.45,0.0,1639.0,0,1,1
38,7,25.81,71,4916,0,1,0,0,0,1,0,35.279984,-120.824288,0,54.35,1,0,0,1,0,0,1,0,1,1,14859,1,0,0,5,0,0,0,0,2,117.05,0,51.62,0.0,168.67,0,1,0
41,25,31.73,73,3696,0,0,0,1,0,1,2,36.600193,-120.153393,1,89.45,0,0,1,1,1,0,1,1,1,1,4318,0,0,1,3,0,0,0,1,16,1430.25,0,507.68,0.0,1937.93,0,1,1
32,18,11.57,76,6016,1,2,0,0,1,1,2,33.507255,-117.029473,1,89.7,1,0,2,0,1,0,1,1,0,1,46171,0,0,1,3,0,0,0,1,72,6588.95,0,833.04,0.0,7421.99,0,1,0
61,20,7.56,80,5948,0,2,0,1,1,1,2,33.601309,-117.902304,0,101.3,0,0,0,1,1,0,0,0,1,1,4242,0,0,0,3,0,1,1,1,18,1794.65,0,136.08,0.0,1930.73,0,1,0
57,5,38.21,48,5556,1,2,0,1,0,1,1,33.90139,-118.315697,0,79.85,0,0,0,1,0,1,1,0,0,1,26442,1,0,0,4,0,1,1,1,41,3320.75,0,1566.61,0.0,4887.36,0,1,0
31,11,3.97,79,4796,0,1,0,0,1,1,1,32.673483,-116.472863,0,49.8,1,0,0,1,0,0,1,0,1,1,3133,0,0,0,4,0,0,0,0,1,49.8,0,3.97,0.0,53.77,0,1,0
35,21,28.19,76,2166,0,1,0,0,1,1,0,38.24458,-122.956268,0,50.25,0,0,0,1,0,0,1,0,1,1,330,1,0,0,3,0,0,0,0,3,152.3,0,84.57,0.0,236.87,0,1,0
59,13,32.5,48,4905,2,2,0,0,0,1,2,38.527297,-122.810044,1,97.2,0,0,6,1,0,1,1,1,0,1,23701,1,0,1,4,0,1,1,1,60,5611.75,0,1950.0,0.0,7561.75,0,1,0
61,21,48.69,71,3142,0,2,0,1,1,1,2,38.922812,-121.312005,1,104.1,1,0,2,1,1,0,1,1,0,1,15286,0,0,1,5,0,1,1,1,47,5135.15,0,2288.43,0.0,7423.58,0,1,0
52,8,44.67,33,6043,0,2,0,0,1,1,2,37.550074,-118.837167,0,80.65,1,0,0,1,0,0,0,0,0,1,8217,1,0,0,5,0,0,0,0,58,4807.35,0,2590.86,0.0,7398.21,0,1,0
32,26,17.87,72,5590,0,2,0,0,0,1,0,38.093701,-122.276589,0,66.1,1,0,0,1,0,1,1,0,0,1,159,0,0,0,3,0,1,1,0,29,1912.15,0,518.23,0.0,2430.38,0,1,0
33,20,34.76,62,4668,2,2,0,1,0,1,0,34.702766,-116.093376,0,66.5,0,0,0,1,0,0,0,0,1,1,23,1,0,0,5,0,1,1,0,42,2762.75,0,1459.92,0.0,4222.67,0,1,0
31,22,25.75,90,4718,0,0,0,0,0,1,2,34.291273,-118.505104,1,73.2,0,0,1,3,0,1,1,1,0,1,48867,0,0,1,2,0,0,0,0,19,1441.1,0,489.25,0.0,1930.35,0,1,1
37,23,20.45,66,5075,2,2,0,1,0,1,0,35.339796,-119.023552,0,67.4,0,0,0,1,1,1,0,0,0,1,44588,1,0,0,3,0,0,0,0,49,3306.85,0,1002.05,0.0,4308.9,0,1,0
35,30,43.57,48,4053,1,2,0,1,1,1,1,40.557314,-124.081662,1,65.85,0,0,4,1,1,1,1,1,0,1,1201,1,0,1,3,0,0,0,0,60,3928.3,0,2614.2,0.0,6542.5,0,1,0
42,27,37.2,86,4283,0,0,0,1,0,1,2,37.441931,-121.878502,1,103.95,1,0,1,1,1,0,1,1,0,1,62848,0,0,1,2,0,1,1,1,69,7446.9,0,2566.8,0.0,10013.7,0,1,1
42,14,13.04,37,5042,1,2,0,1,1,1,1,39.69676,-121.644379,0,67.45,1,0,0,2,1,1,0,0,0,1,28318,1,0,0,3,0,0,0,0,37,2443.3,0,482.48,0.0,2925.78,0,1,0
42,2,34.98,76,5827,1,2,0,0,1,1,0,33.345825,-115.596574,0,65.4,0,0,0,1,0,1,0,0,0,1,2753,1,0,0,3,0,0,0,1,44,2774.55,0,1539.12,0.0,4313.67,0,1,0
49,25,1.36,92,2414,0,0,0,0,1,1,2,34.079934,-118.046695,0,85.25,1,0,0,3,0,0,1,0,0,1,30211,0,0,0,2,0,0,0,1,20,1734.5,0,27.2,0.0,1761.7,0,1,1
61,6,10.36,28,2185,0,2,0,1,1,1,1,34.19829,-118.602203,0,75.95,0,0,0,1,0,1,1,0,0,1,23519,0,0,0,4,0,1,1,1,45,3273.8,0,466.2,0.0,3740.0,0,1,0
63,20,44.36,55,3653,0,2,0,1,1,1,2,33.653338,-117.178271,0,86.05,0,0,0,1,0,0,0,0,0,1,14068,0,0,0,5,0,1,1,0,4,308.1,0,177.44,0.0,485.54,0,1,0
63,28,14.34,66,3336,0,0,0,0,0,1,2,34.084909,-117.258107,1,86.15,1,0,1,1,0,0,0,1,1,1,12149,0,0,1,2,0,1,1,0,33,2745.7,0,473.22,0.0,3218.92,0,1,1
30,42,23.92,33,4803,2,2,0,1,0,1,2,33.143826,-115.497485,0,110.5,1,0,0,0,1,0,1,0,0,1,7857,1,0,0,4,0,1,1,1,69,7455.45,0,1650.48,0.0,9105.93,0,1,0
57,20,37.25,65,2152,0,0,0,0,0,1,1,35.916943,-120.129921,1,56.15,0,0,3,1,0,0,0,1,0,1,14697,0,0,1,2,0,0,0,1,43,2499.3,0,1601.75,0.0,4101.05,0,1,1
57,10,27.41,26,3839,0,2,0,0,1,1,1,38.733714,-120.795213,1,55.05,1,0,6,1,0,1,1,1,2,1,34146,0,0,1,5,0,0,0,0,37,2030.75,0,1014.17,0.0,3044.92,0,1,0
52,12,24.53,54,5781,2,2,0,1,1,1,2,33.991782,-118.479229,0,100.9,1,0,0,0,1,0,1,0,0,1,31021,0,0,0,3,0,1,1,1,72,7459.05,0,1766.16,0.0,9225.21,0,1,0
58,15,2.64,48,5039,0,2,0,0,1,1,1,38.526941,-122.709096,0,64.5,1,0,0,1,0,1,1,0,2,1,35057,0,0,0,3,0,1,1,0,30,1888.45,0,79.2,0.0,1967.65,0,1,0
35,21,12.15,62,5113,2,2,0,1,1,1,1,34.007353,-118.033683,1,75.7,1,0,3,1,0,1,0,1,1,1,32050,1,0,1,3,0,1,1,0,63,4676.7,0,765.45,0.0,5442.15,0,1,0
57,13,25.11,78,2604,1,2,0,1,0,1,1,33.752938,-116.230055,0,84.1,1,0,0,1,1,1,0,0,0,1,2743,0,0,0,3,0,1,1,1,38,3187.65,0,954.18,0.0,4141.83,0,1,0
41,23,3.2,31,5037,2,2,0,1,0,1,1,33.879983,-117.895482,1,86.15,1,0,1,0,1,0,0,1,0,1,34592,1,0,1,5,0,1,1,1,67,5883.85,0,214.4,0.0,6098.25,0,1,0
48,19,44.45,26,2827,0,2,0,1,1,1,2,32.765299,-117.122565,0,111.5,1,0,0,1,1,1,1,0,0,1,33083,0,0,0,4,0,1,1,1,44,4915.15,0,1955.8,0.0,6870.95,0,1,0
56,7,42.33,42,5395,1,2,0,1,0,1,0,37.393554,-121.965114,0,71.1,1,0,0,1,1,1,1,0,1,1,13031,1,0,0,3,0,0,0,0,58,4299.2,0,2455.14,0.0,6754.34,0,1,0
58,21,42.85,38,5012,2,2,0,0,1,1,1,37.84771,-120.486589,1,85.25,1,0,1,1,1,1,0,1,0,1,9559,1,0,1,4,0,1,1,1,66,5538.35,0,2828.1,0.0,8366.45,0,1,0
40,22,19.32,91,2199,0,0,0,0,1,1,2,35.184837,-119.402525,0,79.6,0,0,0,1,0,0,0,0,0,1,14937,0,0,0,3,0,1,1,0,1,79.6,0,19.32,0.0,98.92,0,1,1
31,2,39.62,54,4384,0,2,0,1,0,1,2,36.600193,-120.153393,0,89.2,0,0,0,2,0,0,1,0,0,1,4318,1,0,0,3,0,1,1,0,27,2383.6,0,1069.74,0.0,3453.34,0,1,0
60,22,19.58,79,4730,2,2,0,1,0,1,1,34.037251,-118.423573,0,88.65,1,0,0,1,1,0,0,0,1,1,24505,1,0,0,4,0,1,1,1,61,5321.25,0,1194.38,0.0,6515.63,0,1,0
61,24,31.43,58,5014,0,2,0,0,0,1,1,33.889632,-118.39737,1,44.25,0,0,4,1,0,0,1,1,1,1,33758,0,0,1,5,0,0,0,0,7,313.45,0,220.01,0.0,533.46,0,0,0
38,4,38.8,85,2485,0,0,0,0,1,1,2,40.809636,-124.189977,1,70.0,0,0,1,1,0,0,1,1,0,1,395,0,0,1,2,0,0,0,0,1,70.0,0,38.8,0.0,108.8,0,1,1
30,59,26.47,71,5072,2,2,0,1,0,1,1,33.801869,-117.995068,1,94.8,1,0,7,0,1,1,1,1,1,1,29694,1,0,1,3,0,1,1,1,70,6859.05,0,1852.9,0.0,8711.95,0,1,0
49,28,48.45,77,5276,1,2,0,0,1,1,1,34.108455,-118.362081,1,70.7,1,0,3,1,1,0,1,1,0,1,49839,1,0,1,3,0,0,0,1,54,3770.0,0,2616.3,0.0,6386.3,0,1,0
54,6,12.95,41,3880,0,2,0,0,1,1,0,36.974575,-121.991149,1,45.9,0,0,1,3,0,0,1,1,0,1,36631,0,0,1,5,0,0,0,0,11,521.9,0,142.45,0.0,664.35,0,1,0
50,25,41.08,62,2044,0,1,0,0,0,1,2,38.954144,-121.482536,0,74.9,1,0,0,1,0,0,1,0,1,1,947,0,0,0,4,0,0,0,0,2,136.05,0,82.16,0.0,218.21,0,1,0
42,29,35.62,56,3207,0,2,0,0,1,1,2,38.486502,-121.334051,1,95.9,1,0,6,1,0,1,0,1,1,1,11396,1,0,1,3,0,0,0,1,22,2234.95,0,783.64,0.0,3018.59,0,1,0
32,15,28.57,36,4382,0,2,0,0,0,1,2,34.150354,-118.518292,1,96.55,0,0,0,3,1,1,1,1,0,1,27614,1,0,0,3,0,0,0,1,20,1901.65,0,571.4,0.0,2473.05,0,1,0
36,20,10.97,37,6045,2,2,0,1,1,1,1,37.83726,-122.287648,1,80.1,1,0,5,0,1,1,1,1,1,1,24589,1,0,1,3,0,1,1,0,71,5585.4,0,778.87,0.0,6364.27,0,1,0
44,16,12.17,23,4126,1,2,0,0,1,1,2,37.304681,-121.809955,0,97.0,0,0,0,1,1,0,1,0,0,1,37127,0,0,0,5,0,1,1,1,30,3021.3,0,365.1,0.0,3386.4,0,1,0
60,24,9.53,52,5421,0,2,0,1,1,1,2,40.390301,-123.412327,0,85.95,0,0,0,1,1,0,1,0,0,1,265,1,0,0,3,0,0,0,0,24,2107.15,0,228.72,0.0,2335.87,0,1,0
41,15,19.6,46,5905,2,2,0,1,0,1,2,37.80707,-122.297401,0,115.05,1,0,0,0,1,1,0,0,1,1,21054,1,0,0,3,0,1,1,1,72,8405.0,0,1411.2,0.0,9816.2,0,1,0
48,21,27.24,87,5102,0,0,0,0,1,1,1,34.624399,-120.137875,1,54.2,0,0,1,3,0,1,1,1,0,1,7958,1,0,1,2,0,0,0,0,22,1152.7,0,599.28,0.0,1751.98,0,1,1
50,12,29.72,20,6316,1,2,0,0,0,1,1,33.482243,-116.827173,1,65.2,1,0,1,0,0,1,0,1,0,1,2433,0,0,1,3,0,1,1,0,70,4543.15,0,2080.4,0.0,6623.55,0,1,0
64,27,2.67,68,4584,1,2,0,0,0,1,2,34.236683,-118.517588,0,94.4,0,0,0,1,0,0,1,0,0,1,32307,1,0,0,5,0,1,1,1,30,2638.1,0,80.1,0.0,2718.2,0,1,0
39,7,31.88,71,3567,0,0,0,0,1,1,2,37.959706,-121.287669,0,78.5,0,0,0,1,0,0,1,0,0,1,7071,0,0,0,2,0,0,0,1,3,242.05,0,95.64,0.0,337.69,0,1,1
39,15,42.62,40,4172,1,2,0,0,0,1,2,37.305622,-122.000887,0,74.65,0,0,0,1,1,0,1,0,1,1,37570,0,0,0,5,0,0,0,0,13,966.25,0,554.06,0.0,1520.31,0,1,0
59,26,12.3,73,3012,0,2,0,0,0,1,1,36.5276,-119.865999,1,60.85,1,0,5,1,0,1,1,1,0,1,5446,1,0,1,4,0,0,0,0,34,2003.6,0,418.2,0.0,2421.8,0,1,0
61,7,14.67,73,4479,2,2,0,1,1,1,2,34.049841,-118.33846,0,106.7,1,0,0,1,0,1,0,0,0,1,67520,0,0,0,3,0,1,1,1,71,7382.25,0,1041.57,0.0,8423.82,0,1,0
54,4,45.8,56,4334,0,2,0,0,1,1,1,41.949216,-122.050062,0,67.25,1,0,0,3,1,1,1,0,0,1,1162,1,0,0,3,0,0,0,0,12,832.3,0,549.6,0.0,1381.9,0,1,0
56,28,25.3,79,3282,0,2,0,1,1,1,0,38.922812,-121.312005,1,66.4,0,0,7,2,0,0,1,1,1,1,15286,1,0,1,4,0,1,1,0,31,2019.8,0,784.3,0.0,2804.1,0,1,0
41,15,41.83,35,5357,0,2,0,0,0,1,2,35.214982,-118.59049,1,80.45,1,0,7,1,1,0,0,1,0,1,1436,0,0,1,4,0,0,0,0,43,3398.9,0,1798.69,0.0,5197.59,0,1,0
37,24,46.18,56,5344,1,2,0,0,1,1,2,37.972662,-122.491452,1,80.9,0,0,3,1,0,0,1,1,0,1,40239,0,0,1,5,0,1,1,0,56,4557.5,0,2586.08,0.0,7143.58,0,1,0
42,14,41.18,90,3051,0,0,0,0,1,1,2,33.507255,-117.029473,0,82.0,1,0,0,1,1,0,1,0,0,1,46171,0,0,0,3,0,0,0,0,2,184.65,0,82.36,0.0,267.01,0,1,1
53,28,15.09,75,2191,0,2,0,0,1,1,0,34.037251,-118.423573,0,53.45,0,0,0,1,0,1,0,0,1,1,24505,1,0,0,3,0,0,0,0,27,1461.45,0,407.43,0.0,1868.88,0,1,0
32,11,45.35,70,3546,1,2,0,0,1,1,1,34.536232,-118.082935,1,64.8,0,0,2,3,1,1,0,1,1,1,67232,0,0,1,4,0,1,1,0,17,1175.6,0,770.95,0.0,1946.55,0,1,0
42,17,35.96,67,3740,0,2,0,0,0,1,1,34.127194,-118.295647,1,50.3,0,0,4,3,0,0,1,1,1,1,48727,1,0,1,3,0,0,0,0,18,908.75,0,647.28,0.0,1556.03,0,1,0
60,3,25.66,50,2921,0,2,0,1,0,1,2,33.643095,-117.810896,0,100.5,1,0,0,2,0,0,1,0,0,1,41062,0,0,0,3,0,1,1,1,26,2599.95,0,667.16,0.0,3267.11,0,1,0
55,30,17.17,66,4111,0,2,0,0,1,1,2,36.78724,-119.827813,0,106.4,1,0,0,2,1,1,1,0,0,1,35451,0,0,0,4,0,1,1,1,39,4040.65,0,669.63,0.0,4710.28,0,1,0
54,16,3.76,76,3969,0,1,0,0,1,1,2,37.980269,-122.342635,0,74.95,0,0,0,1,1,0,0,0,0,1,55720,0,0,0,4,0,0,0,0,2,151.75,0,7.52,0.0,159.27,0,1,0
52,10,17.83,81,3740,0,0,0,0,0,1,2,32.886925,-117.152162,1,88.35,0,0,1,1,0,0,0,1,0,1,74232,0,0,1,2,0,1,1,1,13,1222.8,0,231.79,0.0,1454.59,0,1,1
38,13,35.75,40,3286,2,2,0,1,0,1,1,34.624399,-120.137875,0,65.0,1,0,0,1,0,1,1,0,1,1,7958,1,0,0,3,0,0,0,0,47,2879.9,0,1680.25,0.0,4560.15,0,0,0
60,8,40.66,73,4519,0,0,0,0,0,1,1,33.927254,-118.249826,0,55.7,1,0,0,3,0,1,1,0,2,1,38128,0,0,0,2,0,0,0,0,15,899.8,0,609.9,0.0,1509.7,0,1,1
63,9,44.09,37,5557,0,2,0,1,0,1,2,37.339533,-121.777179,0,88.95,1,0,0,2,0,0,1,0,1,1,44103,0,0,0,3,0,0,0,1,24,2072.75,0,1058.16,0.0,3130.91,0,1,0
32,19,7.83,62,2299,0,2,0,0,0,1,2,40.077028,-121.494168,0,81.3,1,0,0,1,0,1,1,0,1,1,1351,0,0,0,4,0,0,0,0,41,3190.65,0,321.03,0.0,3511.68,0,1,0
48,13,40.35,64,3178,0,2,0,0,1,1,2,37.612612,-121.108568,0,85.75,0,0,0,1,1,0,1,0,0,1,30668,0,0,0,3,0,0,0,1,26,2146.5,0,1049.1,0.0,3195.6,0,1,0
52,8,28.86,46,5152,2,2,0,1,1,1,2,33.877639,-117.961212,1,99.15,1,0,1,1,1,1,1,1,0,1,46105,0,0,1,3,0,1,1,0,72,7422.1,0,2077.92,0.0,9500.02,0,1,0
47,17,27.8,38,4296,0,2,0,0,1,1,2,36.413433,-118.854708,0,92.9,0,0,0,3,0,0,1,0,0,1,2318,0,0,0,3,0,1,1,1,14,1337.45,0,389.2,0.0,1726.65,0,1,0
33,22,10.5,68,4095,0,0,0,0,1,1,2,37.770533,-122.445121,1,94.05,1,0,1,2,0,0,1,1,1,1,38756,0,0,1,3,0,1,1,1,30,2866.45,0,315.0,0.0,3181.45,0,1,1
64,19,2.03,91,5764,0,0,0,1,0,1,2,33.507255,-117.029473,1,84.85,1,0,1,1,0,0,1,1,0,1,46171,1,0,1,2,0,0,0,0,40,3303.05,0,81.2,0.0,3384.25,0,1,1
45,15,10.83,36,5277,0,1,0,0,0,1,1,34.067699,-116.903891,0,49.55,0,0,0,1,0,1,0,0,0,1,958,0,0,0,4,0,0,0,0,1,49.55,0,10.83,0.0,60.38,0,1,0
57,30,10.97,62,6450,2,2,0,1,1,1,1,35.916943,-120.129921,1,85.95,1,0,2,0,1,0,0,1,0,1,14697,1,0,1,4,0,1,1,1,72,6151.9,0,789.84,0.0,6941.74,0,1,0
33,7,40.67,54,4352,0,2,0,0,0,1,1,38.237018,-122.77872,1,50.2,0,0,6,1,0,0,0,1,0,1,31930,1,0,1,5,0,0,0,0,34,1815.3,0,1382.78,0.0,3198.08,0,1,0
43,22,15.6,65,5739,0,2,0,0,1,1,2,33.655421,-117.391751,0,79.85,1,0,0,1,1,0,0,0,0,1,38519,0,0,0,5,0,0,0,0,10,797.25,0,156.0,0.0,953.25,0,1,0
51,18,28.0,74,5503,0,2,0,0,1,1,2,38.493888,-122.777141,0,105.35,1,0,0,1,1,0,1,0,0,1,476,1,0,0,3,0,1,1,1,34,3540.65,0,952.0,0.0,4492.65,0,1,0
36,12,13.45,77,2777,0,0,0,0,1,1,2,37.529656,-120.854357,1,78.3,0,0,1,1,0,0,0,1,0,1,24708,0,0,1,3,0,0,0,1,34,2564.3,0,457.3,0.0,3021.6,0,1,1
35,12,10.5,78,4304,0,2,0,1,0,1,2,32.770393,-115.60915,0,103.85,1,0,0,1,0,0,1,0,0,1,43712,1,0,0,5,0,1,1,1,48,4946.05,0,504.0,0.0,5450.05,0,1,0
60,19,22.61,59,5564,0,2,0,0,0,1,2,33.012751,-117.200617,0,83.55,0,0,0,1,1,0,1,0,0,1,7615,0,0,0,5,0,0,0,1,17,1329.15,0,384.37,0.0,1713.52,0,1,0
64,25,21.52,91,4620,0,0,0,0,0,1,2,34.072121,-117.698319,0,69.7,0,0,0,1,0,0,0,0,0,1,34447,0,0,0,2,0,0,0,0,1,69.7,0,21.52,0.0,91.22,0,1,1
62,17,6.77,42,5843,1,2,0,0,0,1,1,38.105733,-122.186338,0,59.3,0,0,0,1,0,0,0,0,0,1,51665,1,0,0,4,0,1,1,0,39,2209.15,0,264.03,0.0,2473.18,0,1,0
35,7,14.39,57,4934,2,2,0,1,1,1,1,38.922812,-121.312005,0,86.55,1,0,0,1,1,0,0,0,1,1,15286,1,0,0,4,0,1,1,1,64,5632.55,0,920.96,0.0,6553.51,0,1,0
36,16,24.13,75,3150,0,2,0,0,1,1,0,35.342891,-119.064803,0,45.2,0,0,0,1,0,0,1,0,1,1,58632,0,0,0,5,0,0,0,0,46,2065.15,0,1109.98,0.0,3175.13,0,1,0
45,13,1.27,26,5038,2,2,0,1,0,1,2,35.151491,-117.927597,1,94.6,1,0,7,1,0,1,1,1,1,1,8316,0,0,1,4,0,0,0,1,64,5948.7,0,81.28,0.0,6029.98,0,1,0
31,22,32.07,78,3596,0,0,0,1,0,1,2,34.099869,-118.326843,1,102.1,1,0,1,1,1,0,1,1,1,1,30568,0,0,1,3,0,1,1,1,10,1068.85,0,320.7,0.0,1389.55,0,1,1
53,15,10.12,60,4157,0,2,0,0,1,1,2,41.764869,-122.671316,0,99.7,1,0,0,3,0,1,1,0,0,1,9538,0,0,0,3,0,1,1,1,15,1566.75,0,151.8,0.0,1718.55,0,1,0
53,30,9.21,26,4965,1,2,0,0,1,1,2,33.784597,-117.844535,1,90.35,1,0,0,1,1,0,1,1,1,1,15396,0,0,0,3,0,1,1,0,51,4614.55,0,469.71,0.0,5084.26,0,1,0
35,7,31.76,40,3348,0,2,0,1,1,1,2,34.244411,-117.072654,1,93.35,1,0,5,1,1,0,1,1,0,1,317,0,0,1,4,0,1,1,0,33,3092.0,0,1048.08,0.0,4140.08,0,1,0
38,8,5.4,91,5160,1,0,0,1,0,1,2,41.816595,-122.948287,1,98.6,0,0,1,3,0,0,0,1,0,1,482,1,0,1,2,0,1,1,1,17,1704.95,0,91.8,0.0,1796.75,0,1,1
35,20,34.12,68,2421,0,2,0,0,0,1,2,37.277592,-121.986477,0,69.8,0,0,0,3,0,0,1,0,0,1,13481,0,0,0,4,0,0,0,0,18,1221.65,0,614.16,0.0,1835.81,0,1,0
56,17,17.31,34,4613,2,2,0,1,1,1,1,37.252057,-119.95783,1,68.15,1,0,1,0,1,1,0,1,1,1,972,1,0,1,3,0,0,0,0,72,4808.7,0,1246.32,0.0,6055.02,0,1,0
33,21,48.66,92,5239,0,0,0,0,1,1,2,33.850504,-118.039892,0,79.0,0,0,0,1,0,0,0,0,0,1,15505,0,0,0,3,0,0,0,1,2,143.65,0,97.32,0.0,240.97,0,1,1
55,12,41.13,67,6469,2,2,0,1,1,1,0,40.342928,-124.063329,0,69.4,1,0,0,1,1,1,0,0,0,1,82,1,0,0,3,0,0,0,0,62,4237.5,0,2550.06,0.0,6787.56,0,1,0
44,10,16.93,45,4180,2,2,0,1,0,1,1,36.185471,-119.375243,0,84.7,1,0,0,1,1,1,0,0,1,1,56101,0,0,0,4,0,1,1,1,70,5991.05,0,1185.1,0.0,7176.15,0,1,0
41,23,28.54,64,5979,2,2,0,1,0,1,2,33.507255,-117.029473,1,110.5,1,0,4,1,1,0,1,1,0,1,46171,1,0,1,4,0,1,1,1,70,7752.05,0,1997.8,0.0,9749.85,0,1,0
39,3,32.67,55,4629,1,2,0,1,1,1,2,39.178337,-120.162806,0,117.2,1,0,0,1,1,1,1,0,1,1,4002,1,0,0,3,0,1,1,1,68,8035.95,0,2221.56,0.0,10257.51,0,1,0
34,22,15.37,25,6435,1,2,0,1,1,1,2,38.304194,-120.592431,0,90.1,0,0,0,1,1,1,1,0,1,1,2718,1,0,0,3,0,0,0,0,50,4549.45,0,768.5,0.0,5317.95,0,1,0
60,27,36.49,55,4886,2,2,0,1,1,1,2,38.166791,-121.14207,0,118.2,1,0,0,1,1,1,1,0,0,1,3205,1,0,0,3,0,1,1,1,72,8547.15,0,2627.28,0.0,11174.43,0,1,0
37,27,44.98,32,5230,0,1,0,0,0,1,1,33.345825,-115.596574,0,49.95,0,0,0,1,1,0,0,0,0,1,2753,0,0,0,3,0,0,0,0,1,49.95,0,44.98,0.0,94.93,0,1,0
42,24,48.25,63,3522,0,2,0,0,1,1,2,39.467828,-120.841386,0,70.05,0,0,0,1,0,0,0,0,1,1,118,0,0,0,3,0,0,0,0,9,657.5,0,434.25,0.0,1091.75,0,1,0
34,12,30.27,53,5044,1,2,0,0,1,1,2,33.75462,-118.071128,0,84.3,1,0,0,1,1,1,1,0,1,1,24180,0,0,0,3,0,0,0,0,64,5289.05,0,1937.28,0.0,7226.33,0,1,0
32,26,5.07,91,5630,0,0,0,0,0,1,2,33.624654,-117.611733,1,74.05,0,0,1,1,1,0,1,1,0,1,42193,0,0,1,3,0,0,0,0,21,1565.7,0,106.47,0.0,1672.17,0,1,1
33,8,38.93,26,6334,0,2,0,0,0,1,1,40.012675,-120.101857,0,49.75,0,0,0,1,0,1,1,0,0,1,1177,0,0,0,3,0,0,0,0,52,2535.55,0,2024.36,0.0,4559.91,0,1,0
55,15,30.88,51,3302,1,2,0,1,0,1,1,34.122501,-117.320138,0,64.85,0,0,0,3,0,1,0,0,2,1,23146,0,0,0,3,0,1,1,0,21,1336.8,0,648.48,0.0,1985.28,0,1,0
33,11,5.92,85,2966,0,0,0,0,1,1,2,33.644849,-117.684254,0,86.05,1,0,0,3,0,0,1,0,0,1,59176,0,0,0,3,0,0,0,1,10,834.1,0,59.2,0.0,893.3,0,1,1
55,29,17.73,74,2325,0,0,0,0,0,1,2,32.747484,-117.166877,1,75.4,1,0,1,1,0,0,1,1,1,1,30202,0,0,1,3,0,0,0,0,24,1747.85,0,425.52,0.0,2173.37,0,1,1
50,26,31.34,74,5554,2,2,0,1,0,1,1,38.052209,-122.775567,0,80.3,1,0,0,1,1,1,1,0,1,1,248,1,0,0,3,0,1,1,0,63,4995.35,0,1974.42,0.0,6969.77,0,1,0
61,28,4.53,28,4120,0,1,0,0,1,1,2,34.983808,-117.239306,0,75.1,1,0,0,1,0,0,1,0,0,1,1933,0,0,0,3,0,0,0,0,1,75.1,0,4.53,0.0,79.63,0,1,0
45,10,19.22,90,5007,0,0,0,0,1,1,2,38.52576,-123.013347,0,95.5,1,0,0,1,0,0,1,0,0,1,4913,0,0,0,2,0,1,1,1,9,829.1,0,172.98,0.0,1002.08,0,1,1
45,27,44.75,52,5433,1,2,0,0,0,1,1,40.198234,-120.18089,1,70.6,0,0,6,1,1,1,0,1,1,1,946,1,0,1,3,0,1,1,0,46,3231.05,0,2058.5,0.0,5289.55,0,1,0
63,9,7.26,67,5613,0,0,0,1,0,1,0,33.823943,-118.111335,0,76.35,0,0,0,1,0,0,0,0,0,1,37417,0,0,0,2,0,0,0,0,1,76.35,0,7.26,0.0,83.61,0,1,1
39,28,19.66,33,4898,0,2,0,0,1,1,2,32.677716,-117.047666,0,75.35,1,0,0,1,0,0,1,0,1,1,36351,0,0,0,5,0,0,0,0,43,3161.4,0,845.38,0.0,4006.78,0,1,0
53,13,37.48,74,4017,0,0,0,0,0,1,2,38.689174,-121.218435,1,84.15,0,0,1,1,1,0,0,1,0,1,32040,0,0,1,2,0,1,1,0,32,2585.95,0,1199.36,0.0,3785.31,0,1,1
59,3,9.85,42,5233,1,2,0,0,1,1,0,39.23754,-120.720196,0,59.9,1,0,0,1,0,1,0,0,1,1,185,1,0,0,3,0,0,0,0,51,3043.6,0,502.35,0.0,3545.95,0,1,0
46,6,9.7,27,6250,1,2,0,1,1,1,1,34.827662,-118.999073,0,61.35,0,0,0,1,0,0,1,0,0,1,4498,0,0,0,3,0,1,1,0,59,3645.5,0,572.3,0.0,4217.8,0,1,0
45,21,11.39,22,4741,0,2,0,1,0,1,2,35.176236,-120.483243,1,81.0,0,0,6,3,0,0,1,1,2,1,24499,1,0,1,3,0,0,0,0,20,1683.7,0,227.8,0.0,1911.5,0,1,0
50,16,44.92,63,4751,0,2,0,1,1,1,2,33.946982,-116.977672,0,90.4,1,0,0,1,0,0,1,0,1,1,17721,0,0,0,4,0,1,1,0,44,4063.0,0,1976.48,0.0,6039.48,0,1,0
39,10,5.69,71,6432,1,2,0,1,1,1,2,34.043144,-118.251977,1,100.35,1,0,7,1,0,0,0,1,1,1,3524,0,0,1,3,0,1,1,1,58,5681.1,0,330.02,0.0,6011.12,0,1,0
35,16,27.34,51,2037,1,2,0,1,1,1,2,34.757783,-117.33997,1,92.9,0,0,1,1,1,0,0,1,0,1,4948,1,0,1,3,0,0,0,1,28,2768.35,0,765.52,0.0,3533.87,0,1,0
37,21,39.55,64,3063,0,1,0,0,1,1,2,39.457388,-121.818201,0,74.3,0,0,0,1,0,0,1,0,2,1,3169,1,0,0,5,0,0,0,0,1,74.3,0,39.55,0.0,113.85,0,1,0
30,59,48.95,68,4025,2,2,0,1,1,1,2,40.825486,-124.049485,0,100.1,0,0,0,1,0,0,0,0,0,1,1689,1,0,0,3,0,1,1,1,44,4378.35,0,2153.8,0.0,6532.15,0,1,0
45,26,25.21,93,3606,0,0,0,0,1,1,2,34.127621,-117.717863,0,96.2,0,0,0,1,0,0,1,0,0,1,34716,1,0,0,3,0,1,1,1,32,3183.4,0,806.72,0.0,3990.12,0,1,1
53,23,1.15,74,2475,0,1,0,0,0,1,2,38.140719,-121.838298,0,70.1,0,0,0,1,0,0,0,0,0,1,138,0,0,0,4,0,0,0,0,1,70.1,0,1.15,0.0,71.25,0,1,0
57,26,22.03,88,2843,0,0,0,0,1,1,2,33.148116,-117.306043,0,69.35,0,0,0,1,0,0,1,0,0,1,35582,0,0,0,2,0,0,0,0,1,69.35,0,22.03,0.0,91.38,0,1,1
52,28,34.74,83,4811,0,0,0,1,0,1,2,33.507255,-117.029473,0,103.45,1,0,0,2,1,0,1,0,0,1,46171,0,0,0,2,0,1,1,1,39,3994.45,0,1354.86,0.0,5349.31,0,1,1
60,12,5.8,83,4580,1,0,0,0,1,1,1,38.636102,-120.522149,1,48.35,1,0,1,1,0,0,1,1,1,1,659,0,0,1,2,0,0,0,0,23,1067.15,0,133.4,0.0,1200.55,0,1,1
34,5,38.01,37,3272,0,2,0,0,1,1,0,35.342891,-119.064803,0,49.25,0,0,0,1,1,0,0,0,2,1,58632,0,0,0,3,0,0,0,0,4,208.45,0,152.04,0.0,360.49,0,1,0
55,25,33.94,23,4818,0,2,0,1,1,1,0,38.42528,-119.475741,0,59.45,1,0,0,1,0,0,0,0,0,1,1332,1,0,0,4,0,0,0,0,27,1611.65,0,916.38,0.0,2528.03,0,1,0
33,25,2.56,56,6347,2,2,0,1,1,1,2,37.369709,-122.215844,0,113.4,1,0,0,0,1,1,0,0,0,1,6601,1,0,0,3,0,1,1,1,72,8164.1,0,184.32,0.0,8348.42,0,1,0
40,20,39.13,56,3787,0,2,0,1,1,1,2,33.788208,-118.404955,0,96.55,1,0,0,1,1,0,0,0,0,1,24979,0,0,0,3,0,1,1,0,5,500.1,0,195.65,0.0,695.75,0,1,0
36,22,23.5,31,5396,0,2,0,0,0,1,2,37.424655,-121.74841,0,75.65,1,0,0,1,0,0,1,0,0,1,40568,0,0,0,5,0,0,0,0,4,302.35,0,94.0,0.0,396.35,0,1,0
63,20,4.38,49,2643,0,2,0,0,1,1,2,39.281194,-122.226568,0,74.15,1,0,0,1,0,0,0,0,1,1,1146,0,0,0,5,0,0,0,0,18,1387.0,0,78.84,0.0,1465.84,0,1,0
56,16,29.47,57,5040,2,2,0,1,0,1,1,38.392686,-120.415951,0,64.9,0,0,0,1,1,1,1,0,1,1,435,1,0,0,4,0,0,0,0,58,3795.45,0,1709.26,0.0,5504.71,0,1,0
42,23,20.07,32,5903,2,2,0,1,1,1,2,38.377165,-123.037957,0,108.95,1,0,0,1,0,1,1,0,0,1,1785,1,0,0,3,0,1,1,1,35,4025.5,0,702.45,0.0,4727.95,0,1,0
62,5,22.01,70,4552,2,2,0,1,1,1,1,34.360261,-119.306383,1,82.15,1,0,5,0,1,0,0,1,0,1,32899,0,0,1,5,0,1,1,1,72,5784.3,0,1584.72,0.0,7369.02,0,1,0
48,12,48.47,94,4639,0,0,0,0,1,1,2,34.102119,-117.815532,1,75.2,1,0,1,2,0,0,1,1,0,1,33878,0,0,1,2,0,0,0,0,35,2576.2,0,1696.45,0.0,4272.65,0,1,1
48,10,41.2,70,5089,0,2,0,1,1,1,2,39.172777,-121.805845,1,104.25,1,0,4,1,0,1,1,1,0,1,3193,0,0,1,3,0,1,1,1,65,6812.95,0,2678.0,0.0,9490.95,0,1,0
33,19,30.06,84,5654,0,0,0,0,1,1,2,32.957195,-117.202542,0,90.25,0,0,0,1,0,0,1,0,0,1,28201,0,0,0,2,0,1,1,1,30,2755.35,0,901.8,0.0,3657.15,0,1,1
47,7,38.33,77,6421,1,2,0,0,0,1,2,33.794209,-118.317354,0,89.85,1,0,0,1,1,1,1,0,0,1,21065,1,0,0,3,0,0,0,0,65,5844.65,0,2491.45,0.0,8336.1,0,1,0
56,13,13.2,59,5878,2,2,0,0,0,1,2,33.728273,-118.085304,1,99.05,1,0,5,1,1,1,1,1,1,1,174,1,0,1,3,0,0,0,1,65,6416.7,0,858.0,0.0,7274.7,0,1,0
58,29,8.35,28,4323,0,2,0,0,0,1,0,38.419525,-122.521585,0,60.95,0,0,0,1,0,0,1,0,1,1,1653,1,0,0,3,0,1,1,0,10,629.55,0,83.5,0.0,713.05,0,1,0
41,28,1.7,51,2053,0,2,0,0,1,1,2,34.321621,-118.399841,0,68.85,0,0,0,1,0,0,0,0,1,1,81986,0,0,0,3,0,0,0,0,44,2958.95,0,74.8,0.0,3033.75,0,1,0
39,28,41.23,68,4183,2,0,0,1,0,1,2,33.924143,-117.79387,0,106.6,1,0,0,1,0,0,1,0,0,1,1408,1,0,0,3,0,1,1,1,61,6428.4,0,2515.03,0.0,8943.43,0,1,1
58,14,29.43,82,4274,1,0,0,0,0,1,2,36.993666,-119.348267,1,108.55,1,0,1,1,1,1,0,1,0,1,2633,1,0,1,2,0,1,1,1,50,5610.7,0,1471.5,0.0,7082.2,0,1,1
33,29,15.02,78,2270,0,0,0,0,0,1,2,33.054579,-117.25665,1,75.15,1,0,1,1,0,0,1,1,1,1,47126,0,0,1,2,0,0,0,0,3,216.75,0,45.06,0.0,261.81,0,1,1
44,27,33.38,74,4198,0,0,0,0,0,1,2,34.282704,-118.312929,0,86.55,1,0,0,1,0,0,1,0,1,1,18752,0,0,0,3,0,0,0,1,31,2697.4,0,1034.78,0.0,3732.18,0,1,1
48,23,1.67,51,2463,0,2,0,0,1,1,2,37.526791,-119.99437,0,74.35,0,0,0,1,0,1,0,0,1,1,10226,0,0,0,4,0,0,0,0,7,533.6,0,11.69,0.0,545.29,0,1,0
44,28,14.21,60,2335,1,2,0,1,0,1,2,34.505273,-117.955054,0,104.05,1,0,0,1,1,0,1,0,1,1,11198,0,0,0,4,0,1,1,1,32,3416.85,0,454.72,0.0,3871.57,0,1,0
47,11,6.71,62,5393,0,2,0,1,1,1,2,33.889605,-115.257009,0,95.1,1,0,0,2,1,0,1,0,1,1,964,0,0,0,3,0,1,1,0,38,3691.2,0,254.98,0.0,3946.18,0,1,0
59,6,4.04,72,5593,0,0,0,0,1,1,2,38.830739,-122.196202,0,79.55,0,0,0,1,0,0,1,0,0,1,228,0,0,0,2,0,0,0,1,1,79.55,0,4.04,0.0,83.59,0,1,1
54,14,32.67,26,6409,1,2,0,0,1,1,2,33.081478,-117.033814,0,99.15,0,0,0,1,1,1,0,0,0,1,49281,0,0,0,3,0,1,1,1,58,5720.95,0,1894.86,0.0,7615.81,0,1,0
60,30,29.23,57,6212,0,2,0,1,0,1,2,33.999992,-117.535395,1,94.6,1,0,0,1,1,0,0,1,0,1,18980,0,0,0,3,0,0,0,1,52,5025.8,0,1519.96,0.0,6545.76,0,1,0
51,4,43.49,71,2041,0,0,0,0,0,1,0,38.336216,-120.76901,0,49.95,1,0,0,1,0,0,1,0,0,1,6202,0,0,0,2,0,0,0,0,1,49.95,0,43.49,0.0,93.44,0,1,1
53,11,3.03,59,2624,0,2,0,0,1,1,1,37.639029,-120.964772,0,63.75,0,0,0,1,1,0,1,0,0,1,27135,1,0,0,5,0,0,0,1,4,226.2,0,12.12,0.0,238.32,0,1,0
43,20,11.72,38,4958,1,2,0,1,0,1,2,33.988572,-118.186565,1,90.55,1,0,6,0,1,0,1,1,0,1,28094,1,0,1,5,0,0,0,0,66,6130.95,0,773.52,0.0,6904.47,0,1,0
45,10,3.59,47,4063,2,2,0,1,1,1,1,34.030915,-117.273201,0,78.9,0,0,0,1,1,0,0,0,1,1,52202,1,0,0,4,0,1,1,1,48,3771.5,0,172.32,0.0,3943.82,0,1,0
30,48,22.88,62,5926,0,2,0,1,0,1,2,37.609095,-121.263381,0,104.95,0,0,0,1,0,1,1,0,0,1,274,1,0,0,4,0,1,1,1,60,6236.75,0,1372.8,0.0,7609.55,0,1,0
56,8,12.21,24,4466,0,2,0,1,1,1,1,38.567594,-121.437507,0,69.5,1,0,0,1,0,1,0,0,2,1,15975,0,0,0,3,0,0,0,1,18,1199.4,0,219.78,0.0,1419.18,0,1,0
45,25,9.23,74,2283,0,0,0,0,0,1,2,38.931425,-121.946081,1,99.15,0,0,1,1,1,0,1,1,2,1,19,1,0,1,2,0,1,1,1,5,465.05,0,46.15,0.0,511.2,0,1,1
60,22,33.36,79,2325,0,2,0,1,1,1,2,33.680302,-117.833296,0,89.55,1,0,0,3,0,0,1,0,0,1,22499,0,0,0,4,0,0,0,1,12,1021.75,0,400.32,0.0,1422.07,0,1,0
57,19,44.95,51,4612,1,2,0,0,1,1,1,39.068071,-121.832638,1,44.6,0,0,1,3,0,0,0,1,0,1,776,0,0,1,3,0,0,0,0,14,641.25,0,629.3,0.0,1270.55,0,1,0
36,12,26.55,65,3826,0,2,0,1,0,1,2,34.007353,-118.033683,0,91.65,0,0,0,1,1,0,1,0,0,1,32050,0,0,0,5,0,0,0,1,43,3954.1,0,1141.65,0.0,5095.75,0,1,0
45,14,13.51,38,3903,0,2,0,0,1,1,1,37.704384,-122.126703,0,46.0,0,0,0,3,0,0,0,0,1,1,36568,0,0,0,4,0,0,0,0,10,492.1,0,135.1,0.0,627.2,0,1,0
32,26,11.56,54,3885,0,2,0,0,0,1,1,34.067932,-117.785168,0,65.1,0,0,0,1,1,1,0,0,1,1,36057,0,0,0,3,0,0,0,1,40,2586.0,0,462.4,0.0,3048.4,0,1,0
50,30,35.32,65,3849,1,0,0,1,0,1,2,40.4785,-124.301372,1,89.55,1,0,1,1,1,0,1,1,0,1,2965,1,0,1,2,0,0,0,0,39,3474.45,0,1377.48,0.0,4851.93,0,1,1
42,28,18.47,37,6499,2,2,0,1,0,1,1,37.424342,-122.165641,0,85.35,1,0,0,0,0,1,1,0,1,1,13386,1,0,0,3,0,1,1,1,69,5897.4,0,1274.43,0.0,7171.83,0,1,0
49,22,35.11,26,4551,2,2,0,1,1,1,2,34.132275,-117.611478,0,109.2,1,0,0,1,1,0,0,0,0,1,39064,1,0,0,3,0,1,1,1,72,7878.3,0,2527.92,0.0,10406.22,0,1,0
58,12,40.58,44,5111,0,2,0,0,1,1,2,38.486502,-121.334051,1,95.4,1,0,4,2,0,0,1,1,0,1,11396,0,0,1,3,0,1,1,1,36,3474.2,0,1460.88,0.0,4935.08,0,1,0
39,5,25.77,30,3178,0,1,0,0,1,1,0,34.019323,-118.391902,0,49.05,0,0,0,1,0,0,0,0,1,1,15195,1,0,0,3,0,0,0,0,1,49.05,0,25.77,0.0,74.82,0,1,0
39,13,20.14,78,4933,0,2,0,1,0,1,1,32.622999,-116.687855,0,66.15,1,0,0,1,1,1,1,0,0,1,727,0,0,0,4,0,0,0,0,38,2522.4,0,765.32,0.0,3287.72,0,1,0
57,30,37.39,41,5937,2,2,0,1,0,1,1,33.876482,-118.284077,0,81.65,0,0,0,1,0,1,0,0,0,1,9960,1,0,0,3,0,1,1,1,45,3618.7,0,1682.55,0.0,5301.25,0,1,0
44,14,40.26,68,3553,1,0,0,0,0,1,2,37.828416,-122.216005,0,84.05,1,0,0,1,0,0,0,0,0,1,36517,0,0,0,2,0,0,0,1,32,2781.85,0,1288.32,0.0,4070.17,0,1,1
46,6,10.33,41,4322,1,2,0,1,1,1,1,33.833181,-118.292062,1,54.9,1,0,4,1,0,0,0,1,0,1,17058,0,0,1,4,0,0,0,0,50,2614.1,0,516.5,0.0,3130.6,0,1,0
33,22,34.51,76,5842,0,2,0,0,0,1,0,38.060264,-122.830646,1,44.9,0,0,0,3,0,0,0,1,1,1,1885,0,0,0,5,0,0,0,0,19,839.65,0,655.69,0.0,1495.34,0,1,0
37,27,42.78,69,2237,1,2,0,0,0,1,1,37.943087,-122.72379,0,54.25,0,0,0,1,0,1,0,0,0,1,1573,1,0,0,3,0,0,0,0,8,447.75,0,342.24,0.0,789.99,0,1,0
33,9,40.34,62,5340,2,2,0,1,1,1,1,33.679659,-118.016195,1,83.25,0,0,1,1,1,1,1,1,1,1,42663,1,0,1,3,0,1,1,1,51,4089.45,0,2057.34,0.0,6146.79,0,1,0
56,15,37.48,71,3945,1,2,0,1,1,1,1,34.04622,-118.053753,0,83.7,1,0,0,1,1,0,0,0,1,1,45645,1,0,0,5,0,1,1,1,32,2633.3,0,1199.36,0.0,3832.66,0,1,0
35,28,39.58,83,2077,0,0,0,1,1,1,1,39.396585,-121.38029,0,50.5,0,0,0,1,0,0,1,0,0,1,626,0,0,0,3,0,0,0,0,1,50.5,0,39.58,0.0,90.08,0,1,1
62,5,5.91,58,5201,0,2,0,0,1,1,1,37.285677,-122.224165,0,54.65,1,0,0,2,1,0,1,0,0,1,1622,0,0,0,3,0,0,0,0,33,1665.2,0,195.03,0.0,1860.23,0,1,0
40,18,16.05,67,2102,0,2,0,1,1,1,2,38.578807,-123.19338,0,108.2,0,0,0,1,1,1,1,0,0,1,1575,1,0,0,3,0,1,1,1,20,2203.7,0,321.0,0.0,2524.7,0,1,0
36,17,12.82,70,4595,2,2,0,1,0,1,1,34.108455,-118.362081,0,79.85,1,0,0,1,1,1,1,0,1,1,49839,1,0,0,3,0,0,0,1,63,4861.45,0,807.66,0.0,5669.11,0,1,0
40,20,19.01,66,5775,0,2,0,1,0,1,2,39.903272,-121.843567,0,109.85,1,0,0,1,1,0,1,0,1,1,26971,1,0,0,5,0,1,1,1,63,7002.95,0,1197.63,0.0,8200.58,0,1,0
32,27,42.68,43,2562,0,1,0,0,1,1,0,41.444606,-123.471895,0,65.25,1,0,0,1,0,0,1,0,1,1,202,1,0,0,5,0,0,0,1,3,209.9,0,128.04,0.0,337.94,0,1,0
48,15,17.53,76,2934,0,0,0,0,0,1,2,34.062125,-118.315709,0,74.95,1,0,0,1,0,0,1,0,0,1,1957,0,0,0,2,0,0,0,0,26,1834.95,0,455.78,0.0,2290.73,0,1,1
33,24,32.75,47,3995,0,2,0,0,0,1,1,40.012675,-120.101857,0,59.05,1,0,0,3,0,1,1,0,1,1,1177,1,0,0,4,0,0,0,0,22,1253.5,0,720.5,0.0,1974.0,0,1,0
52,4,28.41,68,5319,1,2,0,1,0,1,2,34.002028,-118.430656,0,104.8,1,0,0,2,1,0,1,0,0,1,55204,0,0,0,3,0,1,1,1,36,3886.45,0,1022.76,0.0,4909.21,0,1,0
51,22,17.7,25,3545,0,2,0,0,1,1,1,33.391181,-118.421305,0,55.9,0,0,0,1,0,0,1,0,0,1,3699,0,0,0,3,0,1,1,0,4,238.5,0,70.8,0.0,309.3,0,1,0
48,4,15.6,76,2291,0,0,0,0,0,1,2,36.141319,-119.129075,0,76.5,1,0,0,1,0,0,1,0,0,1,5689,0,0,0,3,0,0,0,0,11,837.95,0,171.6,0.0,1009.55,0,1,1
51,30,24.53,39,5255,1,2,0,0,0,1,1,33.988572,-118.186565,1,62.15,0,0,1,2,0,1,1,1,0,1,28094,0,0,1,4,0,0,0,1,35,2215.45,0,858.55,0.0,3074.0,0,1,0
55,18,1.39,54,3835,1,2,0,0,0,1,1,33.141265,-116.967221,1,60.0,0,0,5,3,0,0,0,1,0,1,48690,1,0,1,4,0,0,0,1,23,1347.15,0,31.97,0.0,1379.12,0,1,0
31,21,21.38,39,5806,1,2,0,1,0,1,0,38.34719,-122.697822,0,74.0,1,0,0,1,0,1,0,0,1,1,42544,1,0,0,3,0,0,0,1,52,3877.65,0,1111.76,0.0,4989.41,0,1,0
48,3,33.23,43,5141,2,2,0,1,0,1,2,34.052842,-118.264495,1,113.25,1,0,7,0,1,1,0,1,1,1,20692,1,0,1,4,0,1,1,1,69,7895.15,0,2292.87,0.0,10188.02,0,1,0
54,12,26.81,91,4535,0,0,0,0,0,1,2,32.961064,-117.134917,0,79.85,0,0,0,2,1,1,1,0,0,1,47224,0,0,0,2,0,0,0,0,25,2015.35,0,670.25,0.0,2685.6,0,1,1
53,26,2.95,33,4311,2,2,0,1,0,1,0,37.572273,-121.964583,1,91.15,1,0,4,1,1,1,1,1,0,1,66543,1,0,1,4,0,1,1,1,72,6637.9,0,212.4,0.0,6850.3,0,1,0
37,9,28.25,68,2928,0,0,0,0,1,1,0,39.084645,-120.894014,0,50.45,1,0,0,1,0,0,1,0,0,1,8525,0,0,0,3,0,0,0,0,1,50.45,0,28.25,0.0,78.7,0,1,1
34,15,41.77,90,4424,0,0,0,0,1,1,2,32.898613,-117.202937,0,80.8,0,0,0,1,0,0,1,0,0,1,4258,0,0,0,3,0,1,1,0,1,80.8,0,41.77,0.0,122.57,0,1,1
50,4,34.01,45,5428,1,2,0,0,1,1,0,40.497283,-123.93037,1,58.35,1,0,5,1,0,1,1,1,0,1,1072,1,0,1,3,0,0,0,0,24,1346.9,0,816.24,0.0,2163.14,0,1,0
41,21,8.6,55,5455,0,2,0,1,0,1,2,34.061918,-118.277939,1,111.15,1,0,4,1,1,0,1,1,0,1,44004,1,0,1,4,0,1,1,1,64,6953.4,0,550.4,0.0,7503.8,0,1,0
38,19,37.94,45,2698,2,2,0,1,1,1,2,34.281911,-118.556218,0,100.45,0,0,0,1,0,1,1,0,0,1,28067,0,0,0,4,0,1,1,1,39,3801.7,0,1479.66,0.0,5281.36,0,1,0
33,4,14.93,56,4667,0,1,0,0,0,1,1,35.939068,-119.043666,0,49.9,0,0,0,1,0,0,1,0,0,1,5868,1,0,0,3,0,0,0,0,1,49.9,0,14.93,0.0,64.83,0,1,0
41,18,22.23,39,4774,2,2,0,1,1,1,1,35.634222,-120.728341,0,74.2,1,0,0,1,1,0,1,0,1,1,35586,1,0,0,3,0,1,1,0,65,4805.65,0,1444.95,0.0,6250.6,0,1,0
64,13,42.29,52,3118,1,2,0,0,0,1,2,34.238802,-118.482296,0,79.95,0,0,0,2,1,0,1,0,0,1,57017,1,0,0,3,0,0,0,0,33,2684.85,0,1395.57,0.0,4080.42,0,1,0
58,11,44.97,77,3368,0,0,0,0,1,1,2,37.671806,-121.007575,1,69.0,0,0,1,3,0,0,1,1,0,1,52872,0,0,1,2,0,0,0,0,17,1149.65,0,764.49,0.0,1914.14,0,1,1
47,22,32.41,68,3380,1,2,0,0,1,1,0,32.808814,-117.134694,0,70.4,0,0,0,1,1,1,0,0,0,1,25232,1,0,0,3,0,0,0,1,30,2044.75,0,972.3,0.0,3017.05,0,1,0
41,18,30.66,31,4154,1,2,0,1,1,1,2,38.834469,-122.127193,0,84.4,0,0,0,1,0,1,0,0,0,1,2756,1,0,0,3,0,0,0,0,54,4484.05,0,1655.64,0.0,6139.69,0,1,0
40,2,39.35,49,4408,2,2,0,1,1,1,1,36.04533,-119.532424,1,79.15,1,0,1,1,1,1,0,1,1,1,23506,1,0,1,4,0,0,0,1,70,5536.5,0,2754.5,0.0,8291.0,0,1,0
61,27,11.97,75,4694,0,0,0,0,1,1,2,36.727418,-120.123526,0,85.35,0,0,0,1,1,0,1,0,0,1,14062,0,0,0,3,0,0,0,1,6,489.45,0,71.82,0.0,561.27,0,1,1
49,21,34.98,23,5687,0,2,0,1,1,1,2,34.097345,-117.906736,0,90.95,0,0,0,3,1,0,1,0,1,1,33817,0,0,0,5,0,1,1,0,17,1612.2,0,594.66,0.0,2206.86,0,1,0
38,26,39.63,82,6136,1,0,0,1,1,1,2,34.157137,-118.548511,1,109.5,0,0,1,1,1,1,1,1,0,1,27424,1,0,1,2,0,1,1,1,70,7534.65,0,2774.1,0.0,10308.75,0,1,1
50,7,2.03,56,2867,1,2,0,0,0,1,0,33.876482,-118.284077,0,55.65,0,0,0,1,0,0,0,0,1,1,9960,0,0,0,5,0,1,1,0,46,2688.85,0,93.38,0.0,2782.23,0,1,0
59,15,33.69,78,5577,0,2,0,0,0,1,2,38.169605,-121.310964,0,80.0,1,0,0,3,0,1,1,0,1,1,4176,0,0,0,3,0,0,0,0,13,1029.35,0,437.97,0.0,1467.32,0,0,0
45,24,45.39,80,2317,0,2,0,0,1,1,2,33.86532,-118.396336,0,78.8,0,0,0,3,0,0,0,0,0,1,18693,0,0,0,3,0,0,0,1,20,1641.3,0,907.8,0.0,2549.1,0,1,0
41,18,27.3,51,5559,0,2,0,1,1,1,2,35.151491,-117.927597,0,85.3,0,0,0,1,0,0,0,0,0,1,8316,0,0,0,3,0,0,0,1,15,1219.85,0,409.5,0.0,1629.35,0,1,0
53,3,49.66,68,2429,0,2,0,0,1,1,2,33.788208,-118.404955,1,104.6,0,0,1,3,1,1,1,1,0,1,24979,1,0,1,3,0,1,1,1,22,2180.55,0,1092.52,0.0,3273.07,0,1,0
40,23,22.88,96,3847,0,0,0,0,0,1,2,38.431407,-120.8421,0,77.65,0,0,0,1,0,0,1,0,0,1,222,0,0,0,2,0,0,0,1,9,714.15,0,205.92,0.0,920.07,0,1,1
35,13,26.43,23,4810,0,2,0,1,1,1,2,32.980678,-116.262854,0,95.25,1,0,0,1,1,0,1,0,0,1,3577,0,0,0,3,0,1,1,0,10,1021.55,0,264.3,0.0,1285.85,0,1,0
62,12,12.42,64,2157,1,2,0,0,0,1,0,38.660442,-121.346321,0,50.05,0,0,0,1,0,0,0,0,0,1,20993,1,0,0,5,0,0,0,0,41,2029.05,0,509.22,0.0,2538.27,0,1,0
42,26,24.83,23,5104,0,2,0,1,0,1,1,35.451402,-119.488413,0,55.8,0,0,0,1,0,1,0,0,1,1,2078,0,0,0,4,0,0,0,0,5,300.4,0,124.15,0.0,424.55,0,1,0
54,30,2.2,87,4179,0,0,0,0,1,1,2,34.003553,-118.308933,1,69.15,0,0,1,1,0,0,1,1,0,1,29299,0,0,1,2,0,0,0,0,1,69.15,0,2.2,0.0,71.35,0,1,1
59,3,29.16,64,4492,0,2,0,0,0,1,1,37.331762,-122.341444,0,44.65,0,0,0,3,0,0,1,0,1,1,291,0,0,0,3,0,0,0,0,11,472.25,0,320.76,0.0,793.01,0,1,0
41,3,30.8,66,5017,0,2,0,0,1,1,2,37.739113,-122.175602,0,95.9,0,0,0,1,0,0,1,0,0,1,31392,1,0,0,3,0,1,1,1,9,827.45,0,277.2,0.0,1104.65,0,1,0
37,18,11.96,87,5953,0,0,0,0,1,1,2,33.141265,-116.967221,0,89.05,1,0,0,1,0,0,1,0,1,1,48690,1,0,0,3,0,1,1,0,16,1448.6,0,191.36,0.0,1639.96,0,1,1
61,24,27.62,65,6092,0,2,0,0,1,1,0,33.83796,-117.870494,0,69.9,0,0,0,1,1,1,1,0,1,1,34398,1,0,0,4,0,0,0,1,54,3883.3,0,1491.48,0.0,5374.78,0,1,0
45,8,9.34,76,4417,0,0,0,0,0,1,2,33.707483,-117.200006,0,85.15,0,0,0,2,0,0,0,0,0,1,18161,1,0,0,2,0,0,0,1,30,2555.9,0,280.2,0.0,2836.1,0,1,1
43,21,19.04,75,3262,2,2,0,1,0,1,2,38.631489,-120.015167,0,102.5,0,0,0,1,0,1,1,0,1,1,129,1,0,0,3,0,1,1,1,48,4904.25,0,913.92,0.0,5818.17,0,1,0
62,23,48.29,72,3359,0,2,0,0,0,1,1,34.130861,-118.68346,1,56.6,1,0,5,1,1,0,0,1,1,1,23661,0,0,1,5,0,0,0,0,40,2379.1,0,1931.6,0.0,4310.7,0,1,0
36,13,31.79,22,5586,0,2,0,1,1,1,2,34.282704,-118.312929,1,103.05,1,0,4,1,1,1,1,1,0,1,18752,1,0,1,4,0,0,0,1,57,5925.75,0,1812.03,0.0,7737.78,0,1,0
54,10,25.4,55,3866,0,2,0,0,0,1,1,33.960891,-118.032222,0,69.5,1,0,0,2,1,1,1,0,0,1,38181,0,0,0,4,0,0,0,1,26,1800.05,0,660.4,0.0,2460.45,0,1,0
39,13,38.67,83,5219,0,0,0,0,0,1,0,41.121108,-122.336613,1,91.15,1,0,1,1,1,0,1,1,0,1,228,0,0,1,2,0,1,1,0,31,2995.45,0,1198.77,0.0,4194.22,0,0,1
50,15,18.57,52,3258,0,2,0,0,0,1,2,37.140104,-119.657092,0,74.8,0,0,0,1,1,0,0,0,1,1,173,0,0,0,3,0,0,0,0,40,2971.7,0,742.8,0.0,3714.5,0,1,0
37,24,4.82,35,5940,1,2,0,1,1,1,1,34.018354,-117.85492,0,61.1,0,0,0,1,0,0,1,0,0,1,45118,0,0,0,5,0,1,1,0,53,3357.9,0,255.46,0.0,3613.36,0,1,0
63,21,16.42,27,5838,0,1,0,0,0,1,0,33.4725,-117.584273,0,48.45,0,0,0,1,0,1,1,0,0,1,15297,0,0,0,3,0,0,0,0,1,48.45,0,16.42,0.0,64.87,0,1,0
38,14,15.84,71,2845,0,2,0,1,0,1,1,36.798882,-120.019511,0,61.4,0,0,0,1,1,1,0,0,0,1,807,0,0,0,3,0,0,0,0,7,438.9,0,110.88,0.0,549.78,0,1,0
59,19,17.63,21,4396,0,2,0,1,1,1,2,33.638645,-116.55783,0,79.0,0,0,0,2,1,0,1,0,1,1,1500,0,0,0,3,0,0,0,0,33,2576.8,0,581.79,0.0,3158.59,0,1,0
61,24,13.28,74,5813,2,2,0,1,0,1,1,33.680031,-116.171678,0,90.05,1,0,0,1,1,1,1,0,1,1,23170,1,0,0,4,0,1,1,1,66,5965.95,0,876.48,0.0,6842.43,0,1,0
40,11,27.1,85,3598,0,0,0,0,0,1,2,32.85723,-117.209774,0,80.25,0,0,0,1,0,0,1,0,0,1,34902,0,0,0,3,0,1,1,0,10,846.0,0,271.0,0.0,1117.0,0,1,1
49,21,36.98,52,2520,0,2,0,0,1,1,1,34.508417,-116.856103,0,61.9,0,0,0,1,1,1,1,0,1,1,5256,1,0,0,4,0,0,0,0,40,2647.1,0,1479.2,0.0,4126.3,0,1,0
34,18,26.54,57,2577,0,2,0,0,0,1,1,37.624436,-122.430661,0,48.8,1,0,0,3,0,0,1,0,1,1,39566,0,0,0,4,0,0,0,0,15,720.1,0,398.1,0.0,1118.2,0,1,0
45,2,45.28,77,4864,0,1,0,0,1,1,1,37.621458,-121.012295,0,44.6,0,0,0,1,0,0,0,0,2,1,47536,0,0,0,4,0,0,0,0,1,44.6,0,45.28,0.0,89.88,0,1,0
35,30,38.43,27,3183,2,2,0,1,1,1,0,34.10097,-117.57882,0,65.6,0,0,0,1,1,1,0,0,0,1,51970,1,0,0,4,0,0,0,0,37,2313.8,0,1421.91,0.0,3735.71,0,1,0
56,3,11.94,43,5036,2,2,0,1,1,1,1,38.735789,-119.85798,1,70.95,0,0,4,1,1,1,0,1,0,1,957,0,0,1,3,0,1,1,0,68,4741.45,0,811.92,0.0,5553.37,0,1,0
51,20,10.07,52,4073,2,2,0,1,1,1,0,38.325599,-122.642352,1,79.8,1,0,5,1,0,0,0,1,1,1,3777,1,0,1,4,0,1,1,1,63,5034.05,0,634.41,0.0,5668.46,0,1,0
36,17,10.41,72,3571,0,0,0,0,1,1,1,37.505768,-121.962472,0,45.7,0,0,0,1,0,0,1,0,2,1,56126,0,0,0,3,0,0,0,0,1,45.7,0,10.41,0.0,56.11,0,1,1
48,11,22.14,36,3516,0,2,0,0,1,1,1,39.178337,-120.162806,1,66.6,1,0,3,1,0,0,1,1,1,1,4002,1,0,1,3,0,0,0,1,14,979.5,0,309.96,0.0,1289.46,0,1,0
42,8,13.82,32,5470,0,2,0,1,0,1,2,32.827184,-116.703729,0,89.3,1,0,0,1,0,0,1,0,1,1,16486,0,0,0,3,0,1,1,0,45,4192.15,0,621.9,0.0,4814.05,0,1,0
50,12,42.1,95,4596,1,0,0,0,0,1,1,32.802959,-117.027095,1,70.15,1,0,1,1,0,0,1,1,1,1,21866,0,0,1,3,0,1,1,1,54,3715.65,0,2273.4,0.0,5989.05,0,1,1
48,25,5.17,52,2564,2,2,0,1,1,1,0,34.146635,-118.139225,1,81.95,0,0,3,3,1,0,0,1,1,1,16812,1,0,1,3,0,1,1,1,14,1181.75,0,72.38,0.0,1254.13,0,1,0
57,5,22.48,71,2119,0,0,0,0,0,1,2,32.787836,-117.232376,0,79.65,0,0,0,1,0,0,1,0,0,1,46086,0,0,0,3,0,0,0,1,1,79.65,0,22.48,0.0,102.13,0,1,1
54,29,28.2,85,5180,0,0,0,1,0,1,2,39.806141,-123.531098,0,100.5,1,0,0,1,0,0,1,0,0,1,2706,0,0,0,3,0,1,1,1,5,514.0,0,141.0,0.0,655.0,0,1,1
44,23,14.21,71,4696,0,2,0,0,1,1,2,39.099204,-121.137962,1,85.3,0,0,1,1,1,0,1,1,1,1,17922,0,0,1,4,0,0,0,1,49,4297.95,0,696.29,0.0,4994.24,0,1,0
57,22,40.22,38,3384,0,2,0,0,0,1,0,39.904002,-121.527823,0,56.2,0,0,0,3,0,0,1,0,0,1,28,0,0,0,5,0,1,1,0,19,1093.4,0,764.18,0.0,1857.58,0,1,0
51,28,37.04,26,2383,0,2,0,0,1,1,2,34.866032,-120.536546,0,85.65,1,0,0,1,0,0,1,0,0,1,210,0,0,0,3,0,1,1,0,32,2664.3,0,1185.28,0.0,3849.58,0,1,0
63,2,17.73,70,4806,0,2,0,1,1,1,2,33.918043,-117.617809,1,94.15,0,0,1,1,1,0,0,1,1,1,16998,1,0,1,3,0,1,1,0,61,5731.85,0,1081.53,0.0,6813.38,0,1,0
55,6,7.37,22,5259,0,2,0,0,1,1,2,34.943523,-120.256729,0,94.1,1,0,0,1,0,0,1,0,0,1,30540,0,0,0,5,0,1,1,1,7,701.3,0,51.59,0.0,752.89,0,1,0
37,22,20.64,28,4501,0,2,0,1,0,1,2,37.770533,-122.445121,0,80.7,1,0,0,2,0,0,1,0,0,1,38756,0,0,0,3,0,0,0,0,26,2193.0,0,536.64,0.0,2729.64,0,1,0
44,11,22.75,29,3265,0,2,0,0,0,1,0,36.5276,-119.865999,0,68.9,1,0,0,1,1,0,1,0,1,1,5446,1,0,0,5,0,1,1,0,20,1370.35,0,455.0,0.0,1825.35,0,1,0
56,30,36.35,38,3773,0,2,0,0,0,1,1,38.343282,-122.9755,1,66.4,1,0,4,1,1,1,1,1,1,1,584,1,0,1,3,0,0,0,0,42,2727.8,0,1526.7,0.0,4254.5,0,1,0
62,13,34.57,21,4676,0,2,0,0,0,1,2,33.744439,-117.98588,1,109.65,1,0,4,1,1,1,1,1,0,1,8660,1,0,1,3,0,1,1,1,50,5405.8,0,1728.5,0.0,7134.3,0,1,0
42,17,13.56,80,2775,0,2,0,0,0,1,0,37.939768,-120.188002,0,64.9,0,0,0,3,0,0,1,0,0,1,3979,0,0,0,5,0,1,1,1,11,716.1,0,149.16,0.0,865.26,0,1,0
49,4,17.76,73,6370,2,2,0,0,1,1,2,34.188339,-118.300942,0,108.0,1,0,0,1,1,1,1,0,1,1,18112,1,0,0,3,0,1,1,1,54,5760.65,0,959.04,0.0,6719.69,0,1,0
30,52,37.03,27,5407,2,2,0,1,0,1,1,37.974498,-121.319568,0,88.95,1,0,0,1,1,1,0,0,1,1,30476,1,0,0,3,0,1,1,1,13,1161.75,0,481.39,0.0,1643.14,0,1,0
64,23,41.26,75,3345,1,2,0,0,0,1,2,37.758085,-122.434801,0,75.15,0,0,0,1,1,0,0,0,0,1,30587,0,0,0,4,0,0,0,0,48,3772.65,0,1980.48,0.0,5753.13,0,1,0
55,4,31.92,35,3314,0,2,0,1,1,1,2,32.695681,-116.798386,0,90.4,0,0,0,1,0,0,1,0,0,1,8759,1,0,0,3,0,1,1,0,4,356.65,0,127.68,0.0,484.33,0,1,0
42,20,34.05,63,4600,0,2,0,0,1,1,2,36.822715,-119.761826,1,88.8,1,0,1,3,1,1,1,1,1,1,29337,1,0,1,3,0,0,0,0,19,1672.35,0,646.95,0.0,2319.3,0,1,0
56,18,45.92,42,3949,0,2,0,0,1,1,2,38.625096,-121.383658,0,94.5,0,0,0,1,1,0,1,0,0,1,35426,0,0,0,3,0,1,1,1,31,2979.2,0,1423.52,0.0,4402.72,0,1,0
41,8,38.82,39,3997,1,2,0,1,1,1,0,40.336392,-122.448533,1,70.55,1,0,7,1,1,0,1,1,1,1,12348,0,0,1,4,0,1,1,0,48,3420.5,0,1863.36,0.0,5283.86,0,1,0
53,4,34.41,75,5189,1,0,0,0,0,1,1,33.764018,-117.931507,0,64.4,1,0,0,2,1,1,1,0,2,1,43491,1,0,0,2,0,0,0,0,34,2088.75,0,1169.94,0.0,3258.69,0,1,1
33,13,39.82,63,2595,1,2,0,1,1,1,1,33.215251,-116.53633,1,78.75,1,0,3,1,1,0,0,1,1,1,339,0,0,1,3,0,1,1,1,45,3600.65,0,1791.9,0.0,5392.55,0,1,0
49,8,30.5,76,5723,2,2,0,1,0,1,2,40.142256,-123.852927,0,113.2,1,0,0,1,1,1,1,0,1,1,1851,1,0,0,4,0,1,1,1,35,3914.05,0,1067.5,0.0,4981.55,0,1,0
38,15,44.2,21,2762,0,2,0,0,1,1,1,38.161321,-122.271588,1,55.05,0,0,6,1,0,0,1,1,0,1,42209,0,0,1,3,0,0,0,1,11,608.15,0,486.2,0.0,1094.35,0,1,0
63,28,47.72,44,2110,0,2,0,1,1,1,1,37.290606,-119.216328,0,55.2,0,0,0,3,0,0,0,0,1,1,52,1,0,0,4,0,0,0,0,18,1058.1,0,858.96,0.0,1917.06,0,1,0
38,5,45.59,20,5684,0,1,0,0,0,1,1,33.796568,-116.924723,0,43.95,0,0,0,1,0,0,0,0,1,1,21349,0,0,0,5,0,0,0,0,1,43.95,0,45.59,0.0,89.54,0,1,0
56,12,47.18,63,4207,1,2,0,0,0,1,0,34.061634,-117.893169,1,60.5,0,0,4,1,1,1,1,1,0,1,30458,1,0,1,3,0,0,0,0,51,3145.15,0,2406.18,0.0,5551.33,0,1,0
50,21,24.31,76,5472,1,0,0,1,0,1,1,38.954144,-121.482536,0,55.85,1,0,0,1,0,0,1,0,2,1,947,0,0,0,2,0,0,0,0,17,937.5,0,413.27,0.0,1350.77,0,1,1
46,6,15.52,74,5242,2,2,0,1,1,1,0,35.391733,-118.984109,1,67.8,1,0,1,1,1,1,1,1,0,1,35643,1,0,1,3,0,0,0,0,72,4804.65,0,1117.44,0.0,5922.09,0,1,0
39,14,12.46,23,3980,0,1,0,0,0,1,1,35.453912,-120.69461,0,45.35,0,0,0,1,0,0,0,0,1,1,29539,0,0,0,4,0,0,0,0,1,45.35,0,12.46,0.0,57.81,0,1,0
49,28,32.02,65,2517,1,0,0,0,0,1,1,33.946982,-116.977672,1,66.5,0,0,1,1,1,0,1,1,0,1,17721,1,0,1,3,0,1,1,0,41,2728.6,0,1312.82,0.0,4041.42,0,1,1
57,20,17.65,80,5699,0,0,0,0,0,1,2,32.825086,-117.199424,0,86.45,1,0,0,1,0,0,0,0,0,1,51213,0,0,0,2,0,1,1,0,10,830.85,0,176.5,0.0,1007.35,0,1,1
59,15,3.93,51,2202,2,2,0,0,1,1,1,37.553469,-120.952825,0,49.8,0,0,0,2,0,0,1,0,0,1,32881,1,0,0,4,0,0,0,0,39,1971.15,0,153.27,0.0,2124.42,0,1,0
42,20,18.74,71,4995,0,0,0,1,0,1,0,40.022184,-121.062384,0,75.35,0,0,0,3,0,0,0,0,0,1,73,0,0,0,2,0,0,0,0,14,1025.95,0,262.36,0.0,1288.31,0,1,1
33,3,32.46,80,5587,0,0,0,1,0,1,2,32.825086,-117.199424,0,87.1,1,0,0,1,0,0,1,0,2,1,51213,1,0,0,2,0,0,0,0,4,341.45,0,129.84,0.0,471.29,0,1,1
39,23,35.03,37,5649,1,2,0,1,0,1,2,37.449551,-122.183762,1,111.25,1,0,1,1,0,1,1,1,0,1,39062,1,0,1,3,0,1,1,1,67,7511.65,0,2347.01,0.0,9858.66,0,1,0
56,13,12.35,22,5225,0,2,0,0,1,1,2,33.964131,-118.272783,0,80.1,0,0,0,1,0,0,1,0,1,1,58198,0,0,0,3,0,0,0,1,5,398.55,0,61.75,0.0,460.3,0,1,0
50,13,45.97,59,5283,1,2,0,0,1,1,1,32.688506,-116.938632,1,69.0,1,0,6,2,1,0,1,1,0,1,2606,1,0,1,3,0,0,0,1,35,2441.7,0,1608.95,0.0,4050.65,0,1,0
51,10,14.54,74,3723,0,2,0,1,0,1,2,36.636638,-119.421842,0,106.35,1,0,0,1,1,0,1,0,0,1,25923,0,0,0,4,0,1,1,1,47,4849.1,0,683.38,0.0,5532.48,0,1,0
41,23,42.92,81,3486,0,0,0,0,1,1,2,39.346898,-121.759537,0,100.55,0,0,0,1,1,0,0,0,0,1,9763,1,0,0,2,0,1,1,1,44,4398.15,0,1888.48,0.0,6286.63,0,1,1
47,6,3.26,41,2074,1,2,0,0,1,1,1,40.346634,-120.386422,0,59.45,0,0,0,2,0,0,0,0,1,1,408,1,0,0,4,0,0,0,1,26,1507.0,0,84.76,0.0,1591.76,0,1,0
30,30,28.58,23,5007,2,2,0,1,1,1,0,33.946982,-116.977672,1,90.55,1,0,2,0,1,1,0,1,0,1,17721,1,0,1,4,0,1,1,1,71,6404.0,0,2029.18,0.0,8433.18,0,1,0
50,20,33.66,31,4294,0,2,0,0,0,1,2,38.227285,-121.02789,0,83.85,1,0,0,1,0,0,0,0,0,1,722,0,0,0,4,0,1,1,0,40,3532.25,0,1346.4,0.0,4878.65,0,1,0
34,21,3.95,63,4741,1,2,0,1,1,1,2,34.015481,-118.493231,0,95.0,1,0,0,2,0,0,0,0,0,1,5221,1,0,0,5,0,0,0,1,38,3605.6,0,150.1,0.0,3755.7,0,1,0
62,15,37.11,62,2729,0,2,0,0,1,1,1,37.881842,-121.848111,0,55.1,0,0,0,1,0,1,0,0,2,1,14239,1,0,0,3,0,0,0,0,22,1253.15,0,816.42,0.0,2069.57,0,1,0
51,15,3.0,72,4734,0,0,0,1,1,1,2,33.527605,-116.666551,1,104.65,1,0,2,2,1,0,1,1,0,1,3745,0,0,1,3,0,1,1,1,24,2542.45,0,72.0,0.0,2614.45,0,1,1
42,29,11.79,41,2569,0,2,0,0,0,1,1,33.958149,-118.308441,1,76.2,1,0,1,3,1,1,1,1,0,1,47107,1,0,1,5,0,0,0,1,13,981.45,0,153.27,0.0,1134.72,0,1,0
45,16,19.39,71,5274,0,2,0,0,1,1,1,36.205465,-119.085807,0,50.9,0,0,0,1,0,1,1,0,0,1,15508,0,0,0,3,0,0,0,0,45,2298.55,0,872.55,0.0,3171.1,0,1,0
39,4,22.34,80,5167,0,2,0,1,0,1,2,40.740138,-122.587476,0,81.55,0,0,0,1,1,0,1,0,0,1,373,0,0,0,3,0,0,0,0,55,4509.5,0,1228.7,0.0,5738.2,0,1,0
42,26,32.29,25,4778,1,2,0,0,0,1,2,37.419725,-122.062947,0,94.0,1,0,0,1,0,0,1,0,0,1,27822,0,0,0,3,0,1,1,1,62,5757.2,0,2001.98,0.0,7759.18,0,1,0
35,27,11.58,87,3238,0,0,0,0,0,1,2,32.825086,-117.199424,1,81.1,0,0,1,1,0,0,1,1,0,1,51213,0,0,1,2,0,0,0,1,7,576.65,0,81.06,0.0,657.71,0,1,1
33,17,7.42,27,5899,1,2,0,1,0,1,1,37.550074,-118.837167,0,53.8,0,0,0,3,0,0,0,0,0,1,8217,1,0,0,5,0,0,0,0,11,651.55,0,81.62,0.0,733.17,0,1,0
39,29,44.55,80,5004,2,2,0,1,1,1,1,36.205465,-119.085807,1,89.4,1,0,6,1,1,1,1,1,1,1,15508,1,0,1,3,0,1,1,1,63,5597.65,0,2806.65,0.0,8404.3,0,1,0
49,6,18.34,77,5764,0,0,0,1,0,1,2,39.748037,-122.302169,0,94.4,0,0,0,1,0,0,0,0,0,1,13706,0,0,0,3,0,1,1,1,1,94.4,0,18.34,0.0,112.74,0,1,1
32,16,11.04,70,2916,0,2,0,0,1,1,2,33.994676,-117.372498,0,81.45,0,0,0,1,0,0,1,0,0,1,18999,0,0,0,3,0,0,0,1,12,912.0,0,132.48,0.0,1044.48,0,1,0
59,28,9.27,68,5841,0,2,0,0,0,1,2,38.384648,-121.578701,0,75.2,1,0,0,1,0,0,1,0,1,1,1417,0,0,0,5,0,0,0,0,9,633.85,0,83.43,0.0,717.28,0,1,0
55,24,27.17,67,4980,0,2,0,1,1,1,2,38.93706,-123.118111,0,89.8,0,0,0,1,0,1,0,0,1,1,1373,0,0,0,3,0,0,0,1,54,4667.0,0,1467.18,0.0,6134.18,0,1,0
51,22,22.83,20,5441,2,2,0,1,0,1,0,38.912881,-121.082766,1,65.65,1,0,5,1,1,1,0,1,1,1,24944,0,0,1,3,0,0,0,0,67,4322.85,0,1529.61,0.0,5852.46,0,1,0
39,17,33.71,82,5437,1,0,0,0,1,1,2,39.937017,-121.058043,0,70.45,0,0,0,1,0,0,1,0,0,1,301,0,0,0,3,0,0,0,0,38,2597.6,0,1280.98,0.0,3878.58,0,1,1
35,18,1.09,91,4501,0,0,0,1,1,1,2,38.200231,-121.235034,1,98.5,1,0,1,3,0,0,1,1,0,1,6317,0,0,1,2,0,1,1,1,10,1037.75,0,10.9,0.0,1048.65,0,1,1
47,24,18.7,78,5701,0,0,0,1,1,1,2,32.730583,-115.501083,0,81.0,1,0,0,3,0,0,1,0,0,1,3535,0,0,0,2,0,0,0,0,23,1917.1,0,430.1,0.0,2347.2,0,1,1
44,11,30.09,94,4471,1,0,0,1,0,1,2,39.913777,-122.289984,1,106.1,0,0,1,1,1,1,1,1,0,1,13840,0,0,1,3,0,1,1,1,53,5769.75,0,1594.77,0.0,7364.52,0,1,1
50,29,42.22,72,2036,0,0,0,0,0,1,2,37.233034,-121.947427,1,86.5,1,0,3,3,0,0,1,1,0,1,24443,0,0,1,3,0,1,1,0,21,1808.7,0,886.62,0.0,2695.32,0,1,1
53,11,17.28,42,4324,2,2,0,1,0,1,1,34.361387,-117.337509,1,82.65,1,0,7,0,1,1,1,1,1,1,68515,0,0,1,3,0,1,1,1,72,5919.35,0,1244.16,0.0,7163.51,0,1,0
41,4,49.71,29,5863,1,2,0,1,1,1,2,32.89325,-117.087091,0,86.75,1,0,0,1,0,0,0,0,0,1,29283,1,0,0,5,0,0,0,0,17,1410.25,0,845.07,0.0,2255.32,0,1,0
43,4,24.41,80,4237,0,1,0,0,0,1,2,34.321621,-118.399841,0,74.35,0,0,0,1,1,0,0,0,0,1,81986,0,0,0,4,0,0,0,0,1,74.35,0,24.41,0.0,98.76,0,1,0
60,22,6.05,61,5466,2,2,0,1,0,1,1,38.398815,-122.861923,0,84.5,1,0,0,1,1,0,0,0,0,1,31266,1,0,0,4,0,1,1,1,62,5193.2,0,375.1,0.0,5568.3,0,1,0
52,3,30.75,39,4842,2,2,0,1,1,1,2,34.965648,-117.001509,1,114.05,1,0,5,0,1,1,1,1,1,1,31293,1,0,1,3,0,1,1,1,72,8468.2,0,2214.0,0.0,10682.2,0,1,0
57,4,33.54,61,4885,1,2,0,1,0,1,2,34.050322,-118.147037,1,113.3,1,0,1,1,1,1,0,1,2,1,33280,1,0,1,3,0,1,1,1,45,5032.25,0,1509.3,0.0,6541.55,0,1,0
46,13,43.57,23,4754,2,2,0,1,0,1,2,36.452211,-119.94575,0,99.5,0,0,0,1,1,1,0,0,1,1,5729,1,0,0,3,0,1,1,0,53,5424.25,0,2309.21,0.0,7733.46,0,1,0
59,15,14.65,32,2962,0,1,0,1,1,1,0,34.278967,-116.773825,0,55.05,0,0,0,1,0,0,0,0,1,1,9899,1,0,0,4,0,0,0,0,1,55.05,0,14.65,0.0,69.7,0,1,0
33,29,34.49,62,5976,0,2,0,1,0,1,2,33.948558,-116.516976,1,85.4,1,0,6,0,1,0,1,1,0,1,22796,0,0,1,5,0,0,0,0,69,5869.4,0,2379.81,0.0,8249.21,0,1,0
51,8,3.81,34,4535,0,2,0,0,1,1,2,32.607964,-117.059459,1,95.7,0,0,7,1,0,0,1,1,1,1,71126,1,0,1,5,0,1,1,1,25,2338.35,0,95.25,0.0,2433.6,0,1,0
47,6,3.12,34,5238,1,2,0,1,1,1,1,38.490508,-121.284171,1,79.3,1,0,1,1,0,0,1,1,1,1,592,1,0,1,5,0,1,1,1,31,2484.0,0,96.72,0.0,2580.72,0,1,0
32,3,25.48,75,4332,2,2,0,1,0,1,2,36.625114,-121.823565,1,98.2,1,0,1,1,0,1,1,1,0,1,38244,1,0,1,3,0,0,0,1,72,7015.9,0,1834.56,0.0,8850.46,0,1,0
58,5,21.14,49,3139,0,2,0,1,1,1,2,39.003358,-121.022539,0,95.65,1,0,0,1,0,0,1,0,0,1,3747,1,0,0,4,0,1,1,0,17,1640.0,0,359.38,0.0,1999.38,0,1,0
33,3,21.03,31,3684,0,2,0,0,1,1,1,33.796568,-116.924723,0,55.3,0,0,0,1,0,0,1,0,1,1,21349,0,0,0,4,0,1,1,0,4,238.5,0,84.12,0.0,322.62,0,1,0
53,24,22.86,85,2075,0,0,0,0,0,1,2,33.848733,-117.788357,0,81.1,0,0,0,1,0,0,1,0,0,1,36301,0,0,0,3,0,1,1,0,1,81.1,0,22.86,0.0,103.96,0,1,1
34,13,20.27,26,4093,1,2,0,0,0,1,1,39.408634,-123.045516,1,80.1,1,0,7,1,1,0,1,1,0,1,1884,1,0,1,5,0,1,1,1,59,4693.2,0,1195.93,0.0,5889.13,0,1,0
57,11,17.19,43,5763,0,2,0,0,1,1,1,40.497283,-123.93037,1,54.6,0,0,4,1,0,0,0,1,0,1,1072,0,0,1,3,0,0,0,1,21,1125.2,0,360.99,0.0,1486.19,0,1,0
57,6,14.38,90,5671,0,0,0,0,0,1,2,38.123544,-121.159078,0,89.75,1,0,0,3,1,0,1,0,0,1,45755,0,0,0,3,0,0,0,1,12,1052.4,0,172.56,0.0,1224.96,0,1,1
60,22,33.97,35,5796,0,2,0,0,1,1,1,40.877552,-121.885884,0,51.15,0,0,0,1,0,1,1,0,0,1,431,0,0,0,3,0,0,0,0,24,1275.7,0,815.28,0.0,2090.98,0,1,0
53,24,11.81,68,2266,0,0,0,0,0,1,2,37.343846,-121.039391,0,91.1,0,0,0,1,0,0,1,0,0,1,8504,0,0,0,2,0,1,1,1,6,455.3,0,70.86,0.0,526.16,0,1,1
56,27,45.46,79,6148,0,2,0,0,1,1,2,37.435664,-121.049056,0,98.7,1,0,0,1,1,0,0,0,0,1,1508,0,0,0,3,0,1,1,1,49,4920.55,0,2227.54,0.0,7148.09,0,1,0
62,3,35.13,43,4807,1,2,0,1,1,1,1,40.080342,-120.957805,0,79.0,0,0,0,1,0,1,0,0,1,1,178,1,0,0,3,0,1,1,1,60,4801.1,0,2107.8,0.0,6908.9,0,1,0
47,13,36.11,35,4998,0,2,0,0,0,1,1,39.495768,-121.747472,0,45.0,0,0,0,1,0,0,1,0,0,1,74,0,0,0,3,0,0,0,0,12,524.35,0,433.32,0.0,957.67,0,1,0
59,16,35.22,88,4129,0,0,0,1,1,1,2,37.758085,-122.434801,1,95.75,1,0,1,1,1,0,1,1,0,1,30587,0,0,1,2,0,0,0,1,60,5742.9,0,2113.2,0.0,7856.1,0,1,1
63,26,19.99,34,6205,0,2,0,1,0,1,1,34.074572,-118.831181,1,55.15,0,0,7,1,0,1,1,1,1,1,19630,0,0,1,3,0,0,0,0,65,3673.15,0,1299.35,0.0,4972.5,0,1,0
32,24,28.86,76,3851,0,2,0,0,1,1,0,33.976328,-117.319786,1,60.9,0,0,7,2,1,1,0,1,2,1,48649,1,0,1,3,0,0,0,0,28,1785.65,0,808.08,0.0,2593.73,0,1,0
33,25,36.78,57,5631,1,2,0,1,1,1,1,33.601309,-117.902304,0,86.95,0,0,0,1,1,1,1,0,0,1,4242,1,0,0,4,0,1,1,1,47,4138.9,0,1728.66,0.0,5867.56,0,1,0
54,25,33.66,46,4768,0,2,0,1,0,1,2,36.993666,-119.348267,1,103.65,1,0,4,1,1,0,1,1,1,1,2633,0,0,1,5,0,1,1,1,55,5676.65,0,1851.3,0.0,7527.95,0,1,0
51,21,12.27,47,5447,2,2,0,1,1,1,1,37.746699,-122.442833,0,80.6,1,0,0,1,1,1,0,0,0,1,27906,1,0,0,4,0,1,1,0,71,5708.2,0,871.17,0.0,6579.37,0,1,0
32,17,7.65,76,3415,0,2,0,0,1,1,1,38.235021,-122.557332,0,62.25,0,0,0,3,0,1,0,0,0,1,35419,1,0,0,3,0,0,0,1,10,612.95,0,76.5,0.0,689.45,0,1,0
62,8,46.49,60,5831,0,2,0,0,1,1,0,36.993451,-122.098858,0,61.55,0,0,0,3,0,0,1,0,1,1,43192,1,0,0,3,0,0,0,1,19,1093.2,0,883.31,0.0,1976.51,0,1,0
60,2,15.2,46,5754,0,1,0,0,1,1,2,37.908242,-121.682472,0,85.0,0,0,0,1,1,0,1,0,0,1,26577,0,0,0,4,0,1,1,0,1,85.0,0,15.2,0.0,100.2,0,1,0
44,7,6.58,70,5678,2,2,0,1,0,1,2,36.822715,-119.761826,1,105.0,1,0,7,1,0,1,1,1,1,1,29337,0,0,1,3,0,1,1,1,72,7589.8,0,473.76,0.0,8063.56,0,1,0
39,12,39.58,91,5438,0,0,0,1,1,1,2,34.207295,-118.400022,0,89.4,0,0,0,3,1,0,1,0,0,1,57146,0,0,0,2,0,0,0,1,22,2001.5,0,870.76,0.0,2872.26,0,1,1
32,19,19.87,77,5753,0,1,0,0,1,1,1,33.761894,-117.120868,0,54.45,0,0,0,1,0,1,1,0,1,1,4283,1,0,0,3,0,0,0,0,2,87.3,0,39.74,0.0,127.04,0,1,0
57,11,34.97,73,4528,2,2,0,1,1,1,0,34.10097,-117.57882,1,90.6,1,0,1,1,1,1,1,1,1,1,51970,1,0,1,3,0,1,1,1,72,6441.85,0,2517.84,0.0,8959.69,0,1,0
37,16,42.39,65,2205,1,2,0,0,0,1,0,34.827662,-118.999073,1,65.6,0,0,2,1,1,0,1,1,1,1,4498,1,0,1,3,0,0,0,1,9,593.3,0,381.51,0.0,974.81,0,1,0
44,11,30.96,38,5097,2,2,0,1,1,1,2,34.424926,-117.184503,0,105.65,0,0,0,1,0,1,1,0,0,1,28819,1,0,0,4,0,1,1,1,66,6844.5,0,2043.36,0.0,8887.86,0,1,0
51,13,24.75,21,2183,0,2,0,1,1,1,2,39.492046,-123.375818,0,103.65,1,0,0,1,0,0,1,0,0,1,13472,1,0,0,5,0,1,1,1,45,4747.85,0,1113.75,0.0,5861.6,0,1,0
55,2,12.78,84,4206,0,0,0,0,1,1,2,33.850504,-118.039892,0,89.5,0,0,0,3,0,0,1,0,0,1,15505,0,0,0,3,0,1,1,1,10,863.1,0,127.8,0.0,990.9,0,1,1
56,4,14.32,44,2731,0,2,0,0,1,1,1,37.441931,-121.878502,1,65.85,1,0,1,3,0,1,1,1,0,1,62848,0,0,1,3,0,1,1,0,13,902.25,0,186.16,0.0,1088.41,0,1,0
35,21,40.87,30,4118,0,1,0,0,0,1,0,37.954089,-121.329761,0,44.75,0,0,0,1,0,0,0,0,1,1,16357,0,0,0,5,0,0,0,0,1,44.75,0,40.87,0.0,85.62,0,1,0
49,28,15.15,44,5404,0,2,0,1,1,1,2,37.051166,-122.056194,1,99.4,1,0,1,1,0,1,0,1,0,1,77,1,0,1,4,0,0,0,1,61,5943.65,0,924.15,0.0,6867.8,0,1,0
51,4,45.69,68,5900,0,2,0,1,1,1,0,38.490508,-121.284171,0,75.15,0,0,0,1,0,0,0,0,0,1,592,1,0,0,4,0,1,1,1,5,392.65,0,228.45,0.0,621.1,0,1,0
45,3,42.65,77,3796,0,0,0,1,1,1,2,35.097323,-118.171288,1,104.4,1,0,1,3,1,0,0,1,0,1,4882,0,0,1,2,0,1,1,1,21,2157.95,0,895.65,0.0,3053.6,0,1,1
37,18,22.64,30,4403,1,2,0,1,0,1,1,32.607964,-117.059459,0,68.95,1,0,0,2,1,0,1,0,1,1,71126,0,0,0,5,0,0,0,1,30,2038.7,0,679.2,0.0,2717.9,0,1,0
53,28,41.66,75,4219,0,2,0,0,1,1,2,37.410567,-122.297152,0,94.3,1,0,0,2,1,1,1,0,1,1,25569,0,0,0,3,0,1,1,0,30,2679.7,0,1249.8,0.0,3929.5,0,1,0
63,8,35.0,26,4745,1,2,0,0,1,1,2,38.333133,-121.920151,1,96.4,1,0,7,1,1,1,1,1,1,1,63157,0,0,1,3,0,1,1,0,51,4911.05,0,1785.0,0.0,6696.05,0,1,0
61,3,8.18,74,4857,1,0,0,1,1,1,2,32.68674,-117.186612,1,104.1,1,0,4,0,1,0,0,1,0,1,24093,0,0,1,2,0,1,1,1,67,7040.85,0,548.06,0.0,7588.91,0,1,1
64,8,12.98,72,4000,1,2,0,0,0,1,1,39.170376,-120.838404,1,64.85,1,0,6,1,0,0,1,1,0,1,407,1,0,1,3,0,0,0,1,43,2908.2,0,558.14,0.0,3466.34,0,1,0
39,18,23.82,79,4516,0,2,0,0,1,1,2,34.144703,-117.770299,0,74.6,1,0,0,1,0,0,1,0,0,1,35530,0,0,0,5,0,0,0,0,49,3720.35,0,1167.18,0.0,4887.53,0,1,0
47,10,5.39,69,3953,0,1,0,0,1,1,2,33.507255,-117.029473,0,90.7,0,0,0,1,0,0,0,0,1,1,46171,0,0,0,4,0,1,1,1,3,237.65,0,16.17,0.0,253.82,0,1,0
33,5,28.83,37,5228,1,2,0,1,1,1,2,33.778436,-118.118648,1,96.65,0,0,1,3,0,0,1,1,0,1,425,0,0,1,5,0,1,1,1,17,1588.25,0,490.11,0.0,2078.36,0,1,0
53,13,3.66,32,4262,2,2,0,1,1,1,1,36.917652,-119.593757,0,69.65,1,0,0,0,1,1,0,0,0,1,46858,1,0,0,5,0,0,0,0,72,4908.25,0,263.52,0.0,5171.77,0,1,0
47,16,21.93,62,3445,0,2,0,0,0,1,2,34.050198,-118.210946,0,79.55,1,0,0,3,0,0,1,0,1,1,49431,1,0,0,3,0,0,0,0,12,958.25,0,263.16,0.0,1221.41,0,1,0
48,13,25.69,33,3286,0,2,0,0,1,1,2,33.920907,-117.489426,0,100.3,1,0,0,1,0,0,1,0,0,1,38446,1,0,0,5,0,1,1,1,42,4222.95,0,1078.98,0.0,5301.93,0,1,0
40,28,11.75,25,2597,0,2,0,0,1,1,1,34.129677,-117.154277,0,49.0,1,0,0,1,0,0,1,0,0,1,48245,0,0,0,3,0,0,0,0,15,749.25,0,176.25,0.0,925.5,0,1,0
37,7,44.33,90,3249,0,0,0,0,0,1,2,34.046174,-118.446333,0,78.9,0,0,0,1,0,0,1,0,0,1,41175,0,0,0,2,0,0,0,1,29,2384.15,0,1285.57,0.0,3669.72,0,1,1
39,20,38.38,43,4451,2,2,0,1,1,1,1,33.798266,-118.300237,1,92.2,1,0,4,0,1,1,1,1,1,1,24660,1,0,1,3,0,1,1,1,68,6392.85,0,2609.84,0.0,9002.69,0,1,0
31,9,17.91,68,4041,0,0,0,1,0,1,2,37.654436,-122.426468,1,88.25,1,0,7,1,0,0,0,1,0,1,60599,0,0,1,2,0,0,0,1,17,1460.65,0,304.47,0.0,1765.12,0,1,1
36,3,7.64,46,5166,0,2,0,0,1,1,2,33.290907,-117.202895,0,79.85,1,0,0,1,1,0,1,0,0,1,3849,0,0,0,4,0,0,0,0,54,4308.25,0,412.56,0.0,4720.81,0,1,0
32,15,49.14,91,2456,0,0,0,0,1,1,2,34.437945,-119.77191,0,88.45,0,0,0,1,0,0,1,0,0,1,15757,0,0,0,3,0,1,1,1,4,370.65,0,196.56,0.0,567.21,0,1,1
43,26,16.82,85,3968,0,0,0,1,0,1,2,36.689582,-121.758398,0,101.25,0,0,0,1,1,0,1,0,0,1,21759,0,0,0,3,0,1,1,1,15,1457.25,0,252.3,0.0,1709.55,0,1,1
34,8,37.59,75,5461,0,2,0,0,1,1,2,38.805481,-120.13287,0,92.4,1,0,0,1,1,1,1,0,1,1,25,0,0,0,3,0,0,0,1,26,2349.8,0,977.34,0.0,3327.14,0,1,0
62,7,37.08,79,2709,0,2,0,1,0,1,0,40.03194,-122.176023,1,67.8,0,0,6,3,0,0,1,1,1,1,3357,0,0,1,5,0,1,1,1,10,653.15,0,370.8,0.0,1023.95,0,1,0
37,9,5.08,42,5875,0,2,0,0,0,1,2,38.044523,-121.348048,1,89.8,1,0,2,1,0,1,1,1,0,1,30814,0,0,1,3,0,0,0,1,55,4959.6,0,279.4,0.0,5239.0,0,1,0
46,30,9.06,71,4278,2,2,0,1,0,1,1,37.924014,-122.511694,1,87.95,1,0,7,1,1,1,0,1,0,1,9038,1,0,1,4,0,1,1,1,71,6365.35,0,643.26,0.0,7008.61,0,1,0
44,15,35.32,56,5871,0,2,0,1,1,1,2,32.730264,-116.950963,0,89.4,1,0,0,1,0,0,0,0,1,1,7863,0,0,0,5,0,1,1,0,54,4869.5,0,1907.28,0.0,6776.78,0,1,0
47,4,38.93,49,5140,0,2,0,1,0,1,0,40.267158,-123.805913,1,54.25,0,0,6,3,0,0,0,1,0,1,644,1,0,1,5,0,0,0,0,23,1221.55,0,895.39,0.0,2116.94,0,1,0
43,22,36.99,78,4689,0,0,0,0,0,1,0,32.827184,-116.703729,0,45.65,0,0,0,1,0,0,1,0,0,1,16486,0,0,0,2,0,0,0,0,1,45.65,0,36.99,0.0,82.64,0,1,1
59,5,35.53,91,3721,0,0,0,0,1,1,0,34.099869,-118.326843,0,45.15,0,0,0,1,0,0,1,0,1,1,30568,0,0,0,2,0,0,0,0,8,438.4,0,284.24,0.0,722.64,0,1,1
34,13,42.89,79,5299,0,0,0,0,0,1,2,38.852544,-120.837669,0,94.2,1,0,0,1,0,0,1,0,0,1,2536,0,0,0,2,0,1,1,1,2,193.8,0,85.78,0.0,279.58,0,1,1
43,3,38.3,22,4256,2,2,0,1,1,1,2,39.408634,-123.045516,1,97.95,1,0,1,0,1,1,1,1,1,1,1884,0,0,1,4,0,0,0,1,72,7114.25,0,2757.6,0.0,9871.85,0,1,0
46,29,10.99,74,5846,0,2,0,0,0,1,1,34.501452,-118.207862,0,44.05,0,0,0,1,0,0,1,0,1,1,7831,0,0,0,5,0,0,0,0,5,202.15,0,54.95,0.0,257.1,0,1,0
58,13,7.51,60,4517,2,2,0,1,0,1,1,32.984395,-117.013454,0,74.45,0,0,0,1,0,0,1,0,0,1,47969,1,0,0,5,0,1,1,1,49,3721.9,0,367.99,0.0,4089.89,0,1,0
32,30,11.56,20,4621,1,2,0,0,1,1,1,32.587557,-116.636816,0,54.8,0,0,0,0,1,1,1,0,2,1,91,0,0,0,4,0,0,0,0,66,3465.7,0,762.96,0.0,4228.66,0,1,0
32,26,7.11,34,3503,0,1,0,1,0,1,2,34.02381,-118.156582,0,75.55,0,0,0,1,0,0,0,0,0,1,68701,0,0,0,5,0,0,0,0,1,75.55,0,7.11,0.0,82.66,0,1,0
61,3,6.45,54,5741,2,2,0,1,0,1,1,40.271535,-121.018087,0,74.3,0,0,0,1,1,1,1,0,1,1,4158,1,0,0,4,0,0,0,1,57,4166.35,0,367.65,0.0,4534.0,0,1,0
49,19,29.18,78,4786,0,0,0,1,0,1,2,33.362575,-117.299644,1,87.25,1,0,1,1,0,0,1,1,0,1,42239,0,0,1,2,0,1,1,0,14,1258.6,0,408.52,0.0,1667.12,0,1,1
33,28,41.53,72,4341,0,2,0,1,0,1,2,39.432127,-121.099287,0,101.35,1,0,0,1,0,0,1,0,0,1,632,0,0,0,5,0,1,1,1,32,3334.9,0,1328.96,0.0,4663.86,0,1,0
51,22,37.5,25,4210,2,2,0,1,1,1,2,33.893823,-117.531446,0,108.65,1,0,0,1,1,0,0,0,0,1,44875,1,0,0,4,0,1,1,1,46,4903.2,0,1725.0,0.0,6628.2,0,1,0
54,30,36.05,23,2900,1,1,0,1,0,1,1,38.415003,-122.998726,0,74.1,0,0,0,1,0,0,0,0,1,1,1880,1,0,0,5,0,1,1,1,1,74.1,0,36.05,0.0,110.15,0,1,0
46,20,36.52,41,4033,0,2,0,0,0,1,2,37.897743,-122.263124,0,76.4,0,0,0,1,0,1,0,0,0,1,10737,0,0,0,4,0,0,0,0,11,838.7,0,401.72,0.0,1240.42,0,1,0
45,6,1.08,78,3277,0,2,0,0,1,1,2,36.296851,-117.865469,0,74.25,0,0,0,1,0,0,1,0,0,1,318,1,0,0,3,0,0,0,0,41,3089.1,0,44.28,0.0,3133.38,0,1,0
57,11,30.54,55,4497,0,2,0,1,0,1,1,37.950248,-122.022455,0,58.95,0,0,0,1,0,1,0,0,0,1,27394,1,0,0,4,0,0,0,0,15,955.15,0,458.1,0.0,1413.25,0,1,0
64,30,33.53,34,2168,0,1,0,0,1,1,1,32.67117,-117.00232,0,54.65,0,0,0,1,0,0,0,0,2,1,17389,0,0,0,5,0,1,1,0,3,189.1,0,100.59,0.0,289.69,0,1,0
47,25,14.05,56,5327,1,2,0,1,1,1,1,36.739385,-119.753649,1,71.4,0,0,0,1,0,1,0,1,1,1,47999,1,0,0,3,0,1,1,0,62,4487.3,0,871.1,0.0,5358.4,0,1,0
44,30,16.57,76,4643,0,2,0,0,0,1,2,41.737962,-123.07557,0,100.0,1,0,0,1,1,0,1,0,0,1,88,0,0,0,5,0,1,1,1,33,3320.6,0,546.81,0.0,3867.41,0,1,0
55,17,40.52,91,4296,2,0,0,0,0,1,2,40.485849,-124.163234,1,93.7,1,0,2,0,0,0,1,1,0,1,3284,0,0,1,3,0,1,1,1,71,6585.35,0,2876.92,0.0,9462.27,0,1,1
42,25,14.46,63,2810,1,2,0,1,0,1,1,34.050322,-118.147037,0,58.0,0,0,0,1,0,1,0,0,1,1,33280,1,0,0,3,0,0,0,0,29,1734.5,0,419.34,0.0,2153.84,0,1,0
34,14,38.15,70,4488,0,2,0,1,0,1,2,34.052917,-118.255178,1,100.5,1,0,3,1,0,0,1,1,0,1,21,0,0,1,3,0,1,1,1,47,4707.1,0,1793.05,0.0,6500.15,0,1,0
48,9,15.77,96,5414,1,0,0,0,1,1,2,38.109125,-120.078597,1,94.25,0,0,1,1,1,0,1,1,0,1,683,0,0,1,3,0,1,1,1,53,4867.95,0,835.81,0.0,5703.76,0,1,1
50,14,41.78,38,5261,0,2,0,1,0,1,2,34.115192,-118.61017,0,111.05,1,0,0,1,1,1,1,0,1,1,5451,0,0,0,4,0,1,1,1,65,7107.0,0,2715.7,0.0,9822.7,0,1,0
33,18,6.1,38,2613,2,2,0,1,1,1,2,40.343213,-121.815412,1,96.9,1,0,1,1,1,1,1,1,0,1,433,0,0,1,4,0,0,0,1,48,4473.45,0,292.8,0.0,4766.25,0,1,0
34,10,28.4,65,4421,1,0,0,1,1,1,0,32.957195,-117.202542,1,87.4,1,0,1,0,1,0,0,1,0,1,28201,0,0,1,2,0,0,0,0,67,5918.8,0,1902.8,0.0,7821.6,0,1,1
51,13,27.3,74,5311,1,2,0,0,1,1,2,38.197907,-122.017258,0,86.35,0,0,0,1,0,1,0,0,1,1,39279,0,0,0,3,0,0,0,1,51,4267.15,0,1392.3,0.0,5659.45,0,1,0
43,7,44.97,33,4948,1,2,0,1,0,1,0,34.099891,-118.414338,1,54.4,0,0,2,3,0,0,1,1,1,1,21397,1,0,1,5,0,0,0,0,18,957.1,0,809.46,0.0,1766.56,0,1,0
56,11,4.8,66,5633,0,0,0,0,1,1,2,38.240419,-121.587535,0,74.35,0,0,0,1,1,0,1,0,0,1,2344,0,0,0,3,0,0,0,0,1,74.35,0,4.8,0.0,79.15,0,1,1
56,7,11.22,60,4941,1,2,0,1,1,1,2,33.841027,-118.078097,0,101.35,1,0,0,1,1,1,0,0,0,1,20890,0,0,0,4,0,0,0,1,68,7110.75,0,762.96,0.0,7873.71,0,1,0
51,23,43.2,62,5769,2,2,0,1,1,1,1,33.802664,-118.179971,1,86.1,0,0,2,1,1,1,0,1,0,1,49647,1,0,1,4,0,1,1,1,62,5215.25,0,2678.4,0.0,7893.65,0,1,0
52,8,23.45,48,6149,2,2,0,1,0,1,1,32.957195,-117.202542,0,89.65,1,0,0,1,1,1,0,0,0,1,28201,1,0,0,3,0,1,1,1,61,5308.7,0,1430.45,0.0,6739.15,0,1,0
35,21,17.49,60,6311,2,2,0,0,0,1,2,33.744119,-118.31448,1,101.05,1,0,2,1,1,0,1,1,0,1,21279,0,0,1,4,0,1,1,1,61,5971.25,0,1066.89,0.0,7038.14,0,1,0
36,9,12.71,36,3676,0,2,0,0,1,1,2,39.597975,-122.032248,1,91.7,1,0,3,1,0,1,0,1,0,1,1454,0,0,1,3,0,0,0,1,38,3479.05,0,482.98,0.0,3962.03,0,1,0
35,17,20.37,72,3666,0,1,0,0,1,1,0,37.7795,-122.419233,0,45.45,0,0,0,1,0,0,0,0,1,1,28998,0,0,0,5,0,0,0,0,3,141.7,0,61.11,0.0,202.81,0,1,0
48,16,31.23,32,4094,0,2,0,1,0,1,2,33.829583,-116.474131,0,83.25,1,0,0,1,1,0,1,0,0,1,43141,0,0,0,3,0,0,0,0,59,4949.1,0,1842.57,0.0,6791.67,0,1,0
36,29,2.87,64,3597,0,2,0,1,1,1,2,33.548869,-117.334165,0,95.0,1,0,0,2,1,1,1,0,1,1,36149,1,0,0,3,0,0,0,0,30,2852.4,0,86.1,0.0,2938.5,0,1,0
56,17,5.08,26,4370,0,1,0,0,1,1,1,41.831901,-123.487478,0,44.9,0,0,0,1,0,0,0,0,0,1,1294,0,0,0,4,0,0,0,0,2,111.05,0,10.16,0.0,121.21,0,1,0
50,16,4.45,68,3157,0,2,0,0,0,1,2,38.192608,-120.957842,1,78.1,0,0,7,1,0,0,1,1,0,1,304,0,0,1,4,0,1,1,0,14,1122.4,0,62.3,0.0,1184.7,0,1,0
32,18,16.11,52,4159,1,2,0,1,0,1,0,33.833686,-117.513063,0,80.55,1,0,0,1,0,0,0,0,1,1,21911,1,0,0,5,0,1,1,1,60,4847.05,0,966.6,0.0,5813.65,0,1,0
61,10,33.11,78,6351,1,2,0,1,1,1,2,37.80707,-122.297401,0,110.0,1,0,0,1,0,1,1,0,1,1,21054,1,0,0,4,0,1,1,1,65,7138.65,0,2152.15,0.0,9290.8,0,1,0
49,2,16.64,28,5579,0,1,0,0,1,1,2,34.162515,-118.203869,0,89.25,0,0,0,1,0,0,1,0,0,1,31297,0,0,0,5,0,1,1,1,1,89.25,0,16.64,0.0,105.89,0,1,0
45,24,41.74,87,6481,0,0,0,0,0,1,2,37.007238,-119.505661,1,98.4,1,0,1,1,1,0,1,1,1,1,1314,0,0,1,2,0,1,1,1,53,5149.5,0,2212.22,0.0,7361.72,0,1,1
57,3,28.72,74,3091,1,2,0,1,1,1,2,37.770533,-122.445121,0,112.2,0,0,0,1,1,1,0,0,1,1,38756,1,0,0,3,0,1,1,1,45,5031.85,0,1292.4,0.0,6324.25,0,1,0
55,8,9.04,20,2499,1,2,0,1,0,1,1,34.15136,-118.364786,0,55.8,0,0,0,3,1,0,0,0,0,1,16996,0,0,0,3,0,0,0,0,23,1327.85,0,207.92,0.0,1535.77,0,1,0
52,12,29.39,20,4635,1,2,0,1,0,1,2,33.907361,-117.109972,0,98.6,1,0,0,1,1,1,0,0,1,1,12743,0,0,0,3,0,0,0,1,53,5311.85,0,1557.67,0.0,6869.52,0,1,0
55,13,38.21,24,2978,0,1,0,0,1,1,0,37.316146,-121.936285,0,49.8,0,0,0,1,0,1,1,0,1,1,32804,0,0,0,3,0,0,0,0,1,49.8,0,38.21,0.0,88.01,0,1,0
56,13,16.15,84,3591,0,0,0,0,0,1,2,33.786738,-117.982564,0,89.45,0,0,0,1,0,0,1,0,0,1,31428,0,0,0,3,0,1,1,1,3,240.45,0,48.45,0.0,288.9,0,1,1
43,28,9.26,74,2322,1,2,0,1,1,1,1,35.666886,-119.186717,1,79.25,1,0,6,1,0,1,0,1,1,1,10781,0,0,1,3,0,1,1,1,37,2911.8,0,342.62,0.0,3254.42,0,1,0
56,8,26.0,93,3963,0,0,0,0,0,1,2,37.089111,-122.062213,0,70.75,0,0,0,1,0,0,0,0,2,1,8728,0,0,0,2,0,0,0,0,1,70.75,0,26.0,0.0,96.75,0,1,1
52,3,20.44,71,6350,1,0,0,0,1,1,2,32.787836,-117.232376,0,104.7,1,0,0,0,1,0,1,0,0,1,46086,1,0,0,3,0,1,1,1,69,7220.35,0,1410.36,0.0,8630.71,0,1,1
55,14,42.21,91,5812,0,0,0,1,1,1,2,37.419725,-122.062947,1,103.85,1,0,6,1,1,0,1,1,0,1,27822,0,0,1,2,0,1,1,1,50,5017.9,0,2110.5,0.0,7128.4,0,1,1
49,28,19.68,77,4928,1,2,0,1,0,1,2,33.712036,-117.950113,0,92.15,1,0,0,0,0,0,1,0,0,1,54548,0,0,0,4,0,0,0,1,66,6056.9,0,1298.88,0.0,7355.78,0,1,0
44,2,18.9,67,5496,0,2,0,1,1,1,2,33.873395,-118.37019,0,90.7,1,0,0,1,1,1,0,0,0,1,37322,0,0,0,3,0,0,0,0,62,5586.45,0,1171.8,0.0,6758.25,0,1,0
64,19,1.59,55,5602,0,2,0,0,1,1,2,36.527243,-118.594938,1,81.4,1,0,4,1,1,0,0,1,0,1,56,0,0,1,5,0,0,0,0,45,3775.85,0,71.55,0.0,3847.4,0,1,0
52,6,27.88,30,4320,1,2,0,1,1,1,0,33.859171,-118.252272,0,64.5,0,0,0,2,1,0,0,0,1,1,25566,0,0,0,5,0,0,0,1,30,1929.95,0,836.4,0.0,2766.35,0,0,0
45,22,8.48,78,4520,2,2,0,0,0,1,2,37.722727,-122.02157,0,84.7,1,0,0,0,0,1,1,0,0,1,13212,1,0,0,3,0,0,0,0,72,6185.15,0,610.56,0.0,6795.71,0,1,0
36,20,34.27,69,4478,1,2,0,0,0,1,2,40.775272,-123.287414,0,100.05,0,0,0,1,1,1,1,0,1,1,269,0,0,0,4,0,1,1,1,54,5299.65,0,1850.58,0.0,7150.23,0,1,0
33,15,22.17,50,5110,0,2,0,1,0,1,2,38.852544,-120.837669,1,90.15,1,0,2,3,0,0,0,1,1,1,2536,0,0,1,4,0,1,1,0,23,2044.95,0,509.91,0.0,2554.86,0,1,0
38,29,31.39,34,3519,1,2,0,1,0,1,1,36.52588,-121.396719,1,68.75,0,0,3,1,0,1,1,1,0,1,9023,1,0,1,3,0,1,1,0,23,1689.45,0,721.97,0.0,2411.42,0,1,0
51,28,43.49,33,5456,0,2,0,0,0,1,2,38.434362,-122.86891,1,69.8,0,0,0,1,0,0,1,1,0,1,390,0,0,0,5,0,0,0,0,20,1540.35,0,869.8,0.0,2410.15,0,1,0
46,24,12.97,26,3387,1,2,0,1,1,1,2,34.936,-120.594655,1,80.8,0,0,5,1,1,0,0,1,0,1,5726,0,0,1,3,0,0,0,0,40,3132.75,0,518.8,0.0,3651.55,0,1,0
49,14,11.12,68,2887,0,0,0,0,1,1,1,33.362575,-117.299644,0,45.4,0,0,0,1,0,0,1,0,0,1,42239,0,0,0,3,0,0,0,0,12,518.9,0,133.44,0.0,652.34,0,1,1
44,26,16.39,53,4494,1,2,0,1,0,1,2,34.195386,-118.238508,0,104.55,1,0,0,0,1,1,1,0,0,1,16910,1,0,0,3,0,0,0,1,66,6779.05,0,1081.74,0.0,7860.79,0,1,0
57,20,44.81,34,3463,0,2,0,1,0,1,1,36.622237,-119.521126,0,60.55,0,0,0,1,1,1,0,0,0,1,12587,0,0,0,4,0,0,0,0,35,1982.6,0,1568.35,0.0,3550.95,0,1,0
36,30,36.93,34,4572,1,2,0,1,0,1,1,39.082568,-121.55325,0,68.6,1,0,0,1,0,0,1,0,0,1,6439,1,0,0,4,0,1,1,0,41,2877.05,0,1514.13,0.0,4391.18,0,1,0
45,16,22.22,79,6174,2,2,0,0,1,1,1,33.885499,-117.324959,1,61.35,0,0,5,1,1,1,1,1,1,1,17147,1,0,1,3,0,0,0,0,60,3766.2,0,1333.2,0.0,5099.4,0,1,0
54,6,17.47,72,3016,0,0,0,1,1,1,2,35.451402,-119.488413,1,94.85,0,0,1,1,1,0,1,1,1,1,2078,1,0,1,2,0,0,0,1,9,890.6,0,157.23,0.0,1047.83,0,1,1
35,10,11.12,61,5540,2,2,0,0,1,1,0,34.008293,-118.346766,1,70.8,1,0,1,1,1,0,0,1,1,1,30852,1,0,1,4,0,1,1,0,68,4859.95,0,756.16,0.0,5616.11,0,1,0
46,17,25.09,55,2495,1,2,0,1,0,1,0,37.573633,-122.455167,1,78.85,1,0,3,1,0,1,0,1,0,1,38885,0,0,1,3,0,1,1,1,12,876.75,0,301.08,0.0,1177.83,0,1,0
37,13,10.74,71,4864,0,2,0,0,0,1,1,34.015481,-118.493231,0,48.8,0,0,0,2,0,1,1,0,1,1,5221,0,0,0,3,0,0,0,0,30,1536.75,0,322.2,0.0,1858.95,0,1,0
41,7,10.28,38,2853,1,2,0,0,0,1,0,34.2565,-117.19335,0,59.4,1,0,0,1,0,1,0,0,0,1,9793,1,0,0,3,0,0,0,0,33,1952.8,0,339.24,0.0,2292.04,0,1,0
39,26,33.88,75,2066,0,0,0,0,0,1,2,38.460517,-122.790335,0,79.7,0,0,0,1,0,0,1,0,0,1,36125,0,0,0,3,0,1,1,0,1,79.7,0,33.88,0.0,113.58,0,1,1
50,14,17.95,50,5628,1,2,0,0,0,1,1,39.449794,-121.936372,1,69.75,0,0,2,1,1,1,1,1,1,1,303,1,0,1,3,0,1,1,0,51,3562.5,0,915.45,0.0,4477.95,0,1,0
35,9,27.38,63,6312,1,2,0,1,0,1,1,33.960891,-118.032222,0,58.55,0,0,0,1,0,0,0,0,1,1,38181,0,0,0,3,0,1,1,0,63,3503.5,0,1724.94,0.0,5228.44,0,1,0
36,3,6.77,37,3475,0,2,0,0,0,1,0,39.449794,-121.936372,1,54.7,0,0,2,1,1,1,0,1,1,1,303,0,0,1,4,0,0,0,0,4,235.05,0,27.08,0.0,262.13,0,1,0
36,5,24.64,90,5853,0,0,0,1,0,1,2,32.825086,-117.199424,1,89.15,0,0,1,1,1,0,1,1,0,1,51213,0,0,1,2,0,0,0,1,25,2257.75,0,616.0,0.0,2873.75,0,1,1
32,27,34.85,80,5542,2,2,0,0,1,1,2,37.444314,-122.149996,0,80.6,0,0,0,2,1,0,0,0,0,1,16198,1,0,0,4,0,0,0,0,33,2651.1,0,1150.05,0.0,3801.15,0,1,0
55,21,49.36,75,4399,2,2,0,1,1,1,1,37.704384,-122.126703,0,81.8,0,0,0,1,1,0,1,0,1,1,36568,1,0,0,5,0,1,1,1,56,4534.45,0,2764.16,0.0,7298.61,0,1,0
39,14,41.61,42,5228,2,2,0,1,1,1,0,35.735694,-118.738483,1,88.85,1,0,2,1,1,1,1,1,1,1,296,1,0,1,4,0,1,1,1,68,6132.7,0,2829.48,0.0,8962.18,0,1,0
41,23,12.36,91,3330,0,0,0,0,1,1,2,38.431407,-120.8421,0,84.45,1,0,0,1,0,0,1,0,0,1,222,0,0,0,2,0,0,0,1,12,1059.55,0,148.32,0.0,1207.87,0,1,1
34,17,49.58,83,4061,0,0,0,0,1,1,1,32.85723,-117.209774,0,44.85,0,0,0,1,0,0,1,0,1,1,34902,0,0,0,2,0,0,0,0,10,435.4,0,495.8,0.0,931.2,0,1,1
61,24,21.19,66,3371,0,2,0,0,0,1,1,37.255637,-120.493537,0,68.15,1,0,0,1,1,0,0,0,1,1,59289,1,0,0,3,0,1,1,0,38,2656.3,0,805.22,0.0,3461.52,0,1,0
63,10,9.06,89,4321,0,0,0,0,0,1,2,37.791222,-122.402241,0,97.35,1,0,0,1,0,0,1,0,0,1,384,0,0,0,3,0,1,1,1,21,2119.5,0,190.26,0.0,2309.76,0,1,1
53,21,25.04,79,2785,0,0,0,0,1,1,2,34.102119,-117.815532,0,75.35,1,0,0,2,0,0,0,0,1,1,33878,0,0,0,3,0,0,0,0,35,2636.05,0,876.4,0.0,3512.45,0,1,1
40,19,14.45,71,5781,0,2,0,0,0,1,2,37.901371,-122.572024,0,98.7,1,0,0,1,1,0,1,0,1,1,28727,0,0,0,5,0,1,1,1,23,2249.1,0,332.35,0.0,2581.45,0,1,0
56,16,10.91,65,4909,0,2,0,0,0,1,1,38.626128,-121.328011,0,44.45,0,0,0,1,0,0,0,0,1,1,58830,0,0,0,3,0,0,0,0,8,369.3,0,87.28,0.0,456.58,0,1,0
35,30,48.85,26,5344,1,2,0,1,1,1,0,34.13658,-118.245839,1,74.75,0,0,7,2,0,1,0,1,1,1,41390,0,0,1,3,0,1,1,1,33,2453.3,0,1612.05,0.0,4065.35,0,1,0
38,27,19.9,30,4658,2,2,0,1,0,1,1,37.3511,-122.037311,1,89.3,1,0,7,0,1,1,0,1,1,1,50070,1,0,1,3,0,1,1,1,71,6388.65,0,1412.9,0.0,7801.55,0,1,0
31,12,6.89,73,4340,0,0,0,0,1,1,2,38.154823,-121.601358,0,84.5,1,0,0,1,0,0,0,0,0,1,2010,0,0,0,2,0,0,0,1,1,84.5,0,6.89,0.0,91.39,0,1,1
47,15,17.75,43,5096,0,2,0,1,1,1,2,36.749403,-119.787574,1,102.4,1,0,1,1,1,0,1,1,0,1,13858,0,0,1,4,0,1,1,1,63,6444.05,0,1118.25,0.0,7562.3,0,1,0
48,5,39.74,34,4848,2,2,0,1,0,1,2,40.181279,-120.392967,1,110.75,1,0,1,1,1,1,1,1,0,1,481,0,0,1,4,0,1,1,1,72,7751.7,0,2861.28,0.0,10612.98,0,1,0
57,10,33.75,75,4840,0,1,0,0,0,1,2,37.808731,-122.238708,0,70.15,0,0,0,1,0,0,1,0,0,1,29964,0,0,0,3,0,0,0,0,2,123.8,0,67.5,0.0,191.3,0,1,0
45,18,23.18,47,5172,2,2,0,0,0,1,1,33.644585,-116.871544,0,65.1,0,0,0,1,0,1,1,0,1,1,39264,1,0,0,3,0,1,1,0,62,3846.75,0,1437.16,0.0,5283.91,0,1,0
32,30,15.12,33,4753,2,2,0,1,1,1,1,33.458754,-117.665104,1,84.2,1,0,4,1,1,0,0,1,1,1,7465,1,0,1,4,0,1,1,1,71,5956.85,0,1073.52,0.0,7030.37,0,1,0
52,17,45.2,83,2793,2,0,0,1,0,1,1,34.457541,-119.631072,0,54.35,0,0,0,1,0,0,0,0,1,1,12741,1,0,0,3,0,0,0,0,46,2460.15,0,2079.2,0.0,4539.35,0,1,1
32,26,39.3,57,4483,0,1,0,0,1,1,1,39.681488,-121.83721,0,51.25,0,0,0,1,0,1,0,0,1,1,32848,0,0,0,4,0,0,0,0,1,51.25,0,39.3,0.0,90.55,0,1,0
60,23,12.19,95,4739,0,0,0,0,0,1,2,39.281194,-122.226568,0,90.0,1,0,0,1,0,0,1,0,0,1,1146,1,0,0,2,0,0,0,1,22,1993.8,0,268.18,0.0,2261.98,0,1,1
35,23,36.13,79,5177,1,2,0,0,0,1,2,33.141265,-116.967221,1,101.15,1,0,5,1,0,0,0,1,0,1,48690,1,0,1,3,0,1,1,1,61,6383.9,0,2203.93,0.0,8587.83,0,1,0
45,19,17.26,37,3778,0,2,0,0,1,1,2,36.936228,-121.785559,0,100.4,1,0,0,2,0,1,1,0,0,1,4753,0,0,0,3,0,1,1,1,30,2936.25,0,517.8,0.0,3454.05,0,1,0
53,3,1.8,28,5385,0,2,0,0,1,1,1,40.94338,-123.831799,0,53.75,0,0,0,3,1,0,1,0,1,1,1584,1,0,0,5,0,0,0,0,12,648.65,0,21.6,0.0,670.25,0,1,0
45,26,15.23,30,4675,2,2,0,0,0,1,1,40.854512,-123.450097,1,64.75,1,0,7,1,1,1,0,1,0,1,485,1,0,1,3,0,0,0,0,72,4804.75,0,1096.56,0.0,5901.31,0,1,0
55,20,39.32,36,5034,1,2,0,0,0,1,0,34.097345,-117.906736,0,67.7,0,0,0,1,1,1,1,0,1,1,33817,1,0,0,4,0,1,1,0,42,2882.25,0,1651.44,0.0,4533.69,0,1,0
56,15,20.27,30,3192,2,2,0,1,0,1,1,33.977468,-118.445475,0,78.45,1,0,0,1,0,0,1,0,1,1,18058,1,0,0,4,0,1,1,1,42,3373.4,0,851.34,0.0,4224.74,0,1,0
35,27,9.74,67,4275,0,1,0,0,1,1,2,37.781304,-122.461522,0,70.3,0,0,0,1,0,0,1,0,1,1,38955,0,0,0,4,0,0,0,0,3,220.4,0,29.22,0.0,249.62,0,1,0
48,22,9.98,32,4115,0,2,0,1,0,1,2,38.848082,-123.50608,1,106.15,1,0,5,1,1,0,1,1,0,1,1916,0,0,1,3,0,1,1,1,60,6411.25,0,598.8,0.0,7010.05,0,1,0
42,3,18.66,74,5945,2,2,0,1,0,1,2,34.199787,-118.68493,1,109.7,1,0,7,0,1,1,0,1,1,1,23637,0,0,1,4,0,1,1,1,72,8129.3,0,1343.52,0.0,9472.82,0,1,0
33,7,21.03,44,4423,1,2,0,0,0,1,1,38.392686,-120.415951,0,54.25,1,0,0,3,1,0,1,0,2,1,435,0,0,0,5,0,0,0,0,14,773.2,0,294.42,0.0,1067.62,0,1,0
40,23,38.22,72,5770,2,2,0,1,0,1,1,33.60693,-117.644253,1,82.0,0,0,0,1,0,1,1,1,1,1,46227,1,0,0,3,0,1,1,1,71,5999.85,0,2713.62,0.0,8713.47,0,1,0
63,6,13.14,31,3999,0,2,0,0,0,1,2,33.753146,-118.367459,0,80.05,1,0,0,2,0,0,0,0,1,1,41263,1,0,0,5,0,0,0,0,35,2835.9,0,459.9,0.0,3295.8,0,1,0
39,3,44.65,49,4729,0,2,0,0,1,1,0,34.102084,-118.451629,1,61.35,1,0,3,1,1,0,0,1,0,1,10470,1,0,1,3,0,0,0,0,52,3169.55,0,2321.8,0.0,5491.35,0,1,0
45,13,21.58,46,6177,2,2,0,1,1,1,1,36.751489,-119.68072,1,76.15,1,0,2,1,0,1,0,1,0,1,54701,1,0,1,4,0,1,1,0,65,4929.55,0,1402.7,0.0,6332.25,0,1,0
51,30,14.63,26,4511,2,2,0,1,1,1,2,34.278697,-119.167798,0,114.95,1,0,0,0,1,1,1,0,0,1,27381,1,0,0,3,0,1,1,1,70,7711.25,0,1024.1,0.0,8735.35,0,1,0
38,23,49.04,45,4292,0,2,0,0,1,1,0,37.590421,-122.306467,0,51.65,0,0,0,1,0,1,1,0,1,1,32488,0,0,0,4,0,0,0,0,10,524.5,0,490.4,0.0,1014.9,0,1,0
64,5,36.17,96,4696,0,0,0,0,1,1,2,32.782501,-117.01611,0,75.25,1,0,0,2,0,0,0,0,0,1,24005,0,0,0,3,0,0,0,0,39,3017.65,0,1410.63,0.0,4428.28,0,1,1
43,4,5.79,25,3771,0,2,0,0,1,1,1,41.769709,-121.92063,0,55.3,1,0,0,1,1,0,0,0,0,1,816,0,0,0,5,0,0,0,0,16,875.35,0,92.64,0.0,967.99,0,1,0
46,21,19.1,43,6325,1,2,0,1,0,1,1,37.287758,-119.548156,1,74.1,0,0,7,1,1,1,0,1,1,1,327,1,0,1,3,0,1,1,0,70,5222.3,0,1337.0,0.0,6559.3,0,1,0
51,26,26.15,75,4138,0,1,0,0,0,1,1,37.750021,-122.415201,0,44.0,0,0,0,1,0,0,1,0,1,1,74641,0,0,0,4,0,0,0,0,1,44.0,0,26.15,0.0,70.15,0,1,0
30,53,20.5,29,4765,1,2,0,0,1,1,0,39.732767,-122.042298,1,69.1,1,0,1,1,0,1,1,1,1,1,1931,1,0,1,3,0,1,1,0,59,4096.9,0,1209.5,0.0,5306.4,0,1,0
39,6,5.51,52,6286,2,2,0,1,1,1,0,38.471049,-123.015549,1,86.1,0,0,7,0,1,1,1,1,0,1,1537,1,0,1,4,0,1,1,1,71,6045.9,0,391.21,0.0,6437.11,0,1,0
42,3,32.02,43,4454,0,2,0,0,0,1,1,34.167465,-118.165327,0,54.2,1,0,0,1,1,0,1,0,0,1,27891,0,0,0,5,0,0,0,0,32,1739.6,0,1024.64,0.0,2764.24,0,1,0
39,16,15.24,63,5488,1,2,0,0,1,1,1,35.989792,-121.055933,1,59.8,0,0,6,1,0,1,1,1,1,1,538,0,0,1,3,0,0,0,1,60,3561.15,0,914.4,0.0,4475.55,0,1,0
43,12,29.6,58,4709,1,2,0,1,0,1,2,34.279221,-119.221437,1,81.25,0,0,1,1,0,1,1,1,1,1,46894,0,0,1,3,0,0,0,0,59,4639.45,0,1746.4,0.0,6385.85,0,1,0
39,6,25.68,47,5207,0,2,0,0,1,1,2,36.362741,-121.869685,0,99.65,1,0,0,2,1,0,1,0,0,1,32857,0,0,0,3,0,1,1,1,24,2404.85,0,616.32,0.0,3021.17,0,1,0
36,20,18.0,36,4163,1,2,0,1,0,1,2,34.178483,-118.431791,1,108.95,1,0,1,1,1,0,1,1,0,1,40376,1,0,1,4,0,1,1,1,53,5718.2,0,954.0,0.0,6672.2,0,1,0
60,23,16.45,90,3965,0,0,0,1,1,1,0,34.227846,-119.079903,0,112.95,1,0,0,1,1,0,1,0,2,1,42853,1,0,0,2,0,1,1,1,12,1384.75,0,197.4,0.0,1582.15,0,1,1
54,16,15.28,77,4521,0,2,0,1,0,1,2,34.361387,-117.337509,0,94.0,0,0,0,1,0,0,1,0,1,1,68515,0,0,0,3,0,1,1,1,15,1505.45,0,229.2,0.0,1734.65,0,1,0
51,11,29.72,52,5156,1,2,0,1,1,1,2,38.731771,-123.064272,0,85.2,0,0,0,1,1,0,1,0,0,1,2349,1,0,0,5,0,0,0,0,26,2184.6,0,772.72,0.0,2957.32,0,1,0
32,28,41.37,77,4320,0,0,0,0,0,1,2,40.485849,-124.163234,0,75.55,1,0,0,1,0,0,1,0,0,1,3284,0,0,0,2,0,0,0,0,2,166.3,0,82.74,0.0,249.04,0,1,1
62,26,35.9,84,2404,0,0,0,0,1,1,0,37.890274,-122.295192,1,83.75,1,0,1,2,0,0,1,1,0,1,15882,0,0,1,3,0,0,0,1,26,2070.6,0,933.4,0.0,3004.0,0,1,1
55,27,29.03,35,6012,2,2,0,1,1,1,1,40.294034,-120.512622,0,84.3,1,0,0,0,0,1,0,0,1,1,3093,1,0,0,4,0,1,1,1,72,5997.1,0,2090.16,0.0,8087.26,0,1,0
38,28,5.25,44,5046,2,2,0,1,0,1,1,36.993666,-119.348267,1,84.4,1,0,1,0,0,1,1,1,1,1,2633,1,0,1,3,0,1,1,1,72,6096.45,0,378.0,0.0,6474.45,0,1,0
52,4,40.47,67,5186,1,2,0,1,0,1,2,37.803883,-122.208417,1,109.15,1,0,7,1,1,1,1,1,1,1,28900,0,0,1,4,0,1,1,1,59,6557.75,0,2387.73,0.0,8945.48,0,1,0
50,25,47.73,27,2508,0,2,0,0,1,1,2,34.201108,-116.593456,0,100.75,1,0,0,1,1,1,0,0,1,1,354,1,0,0,3,0,0,0,1,47,4669.2,0,2243.31,0.0,6912.51,0,1,0
61,8,4.76,36,4337,2,2,0,0,1,1,2,40.936285,-121.572692,1,104.05,0,0,1,1,1,1,1,1,1,1,344,1,0,1,4,0,1,1,1,64,6605.55,0,304.64,0.0,6910.19,0,1,0
47,12,35.09,73,5350,2,2,0,1,1,1,1,34.174493,-117.87068,1,83.2,1,0,6,1,0,1,0,1,0,1,57775,1,0,1,3,0,1,1,1,71,6126.1,0,2491.39,0.0,8617.49,0,1,0
62,29,37.49,90,3982,0,0,0,1,0,1,2,37.350284,-121.852855,1,78.95,1,0,0,1,0,0,1,1,1,1,51706,0,0,0,3,0,0,0,0,37,2839.65,0,1387.13,0.0,4226.78,0,1,1
63,8,39.16,60,3672,0,2,0,0,0,1,1,40.057784,-123.679461,0,49.45,0,0,0,1,0,1,1,0,0,1,2423,0,0,0,3,0,0,0,0,6,314.6,0,234.96,0.0,549.56,0,1,0
44,20,44.6,80,2540,0,2,0,0,1,1,2,34.001617,-118.222274,1,85.05,0,0,1,3,1,0,1,1,1,1,3642,0,0,1,3,0,1,1,0,12,999.8,0,535.2,0.0,1535.0,0,1,0
54,4,9.52,52,2405,0,2,0,1,0,1,2,37.394536,-120.890747,0,94.2,0,0,0,1,1,0,1,0,0,1,7177,1,0,0,3,0,1,1,0,11,999.9,0,104.72,0.0,1104.62,0,1,0
55,19,31.79,79,2831,0,2,0,1,1,1,2,37.943954,-120.67108,1,78.2,0,0,6,3,0,0,0,1,0,1,2633,1,0,1,5,0,0,0,0,18,1468.75,0,572.22,0.0,2040.97,0,1,0
34,2,29.49,40,4369,1,2,0,0,0,1,1,38.392686,-120.415951,1,43.8,0,0,1,1,0,0,0,1,0,1,435,0,0,1,3,0,0,0,0,13,592.65,0,383.37,0.0,976.02,0,1,0
43,26,31.08,84,5286,0,0,0,1,0,1,2,34.072945,-118.37267,1,99.5,1,0,1,3,0,0,1,1,0,1,21739,0,0,1,3,0,1,1,1,11,1056.95,0,341.88,0.0,1398.83,0,1,1
49,2,38.88,62,4260,1,2,0,1,0,1,1,38.481902,-120.603668,0,70.15,0,0,0,1,1,0,1,0,1,1,1273,1,0,0,3,0,0,0,1,60,4224.7,0,2332.8,0.0,6557.5,0,1,0
45,18,3.94,24,2764,0,2,0,0,1,1,1,34.195386,-118.238508,0,51.8,0,0,0,3,1,0,1,0,1,1,16910,0,0,0,4,0,0,0,0,20,1023.85,0,78.8,0.0,1102.65,0,1,0
44,3,25.81,31,2198,0,2,0,0,0,1,2,38.400264,-120.641274,0,84.35,1,0,0,1,0,1,1,0,0,1,4354,1,0,0,3,0,0,0,0,24,1938.05,0,619.44,0.0,2557.49,0,1,0
62,11,22.57,90,5949,0,0,0,1,1,1,2,32.886925,-117.152162,1,78.9,1,0,1,2,0,0,1,1,0,1,74232,0,0,1,3,0,0,0,0,32,2447.95,0,722.24,0.0,3170.19,0,1,1
40,23,12.63,59,4515,2,2,0,0,0,1,1,38.823278,-121.281856,0,59.75,1,0,0,1,1,1,0,0,0,1,15494,0,0,0,3,0,0,0,0,72,4265.0,0,909.36,0.0,5174.36,0,1,0
63,24,7.01,94,5255,0,0,0,0,0,1,2,32.957195,-117.202542,1,94.1,1,0,1,1,1,0,1,1,1,1,28201,1,0,1,3,0,0,0,1,30,2804.45,0,210.3,0.0,3014.75,0,1,1
50,6,23.06,28,5643,1,2,0,1,0,1,0,36.319181,-117.593053,1,84.8,0,0,2,1,1,1,1,1,0,1,64,1,0,1,3,0,1,1,1,71,6046.1,0,1637.26,0.0,7683.36,0,1,0
54,15,30.57,60,4924,0,2,0,1,1,1,2,38.684437,-121.055634,0,84.8,0,0,0,1,0,0,0,0,0,1,22028,0,0,0,4,0,1,1,0,11,888.75,0,336.27,0.0,1225.02,0,1,0
62,2,31.97,33,3233,0,2,0,0,1,1,2,34.146957,-118.432138,0,89.9,1,0,0,1,0,0,1,0,1,1,29387,1,0,0,3,0,1,1,0,30,2723.15,0,959.1,0.0,3682.25,0,1,0
45,22,12.69,42,5574,1,2,0,0,0,1,0,37.866009,-122.286228,0,79.85,0,0,0,1,1,1,0,0,1,1,15638,1,0,0,3,0,1,1,1,17,1387.35,0,215.73,0.0,1603.08,0,1,0
